key,0,1,2,3,4,5,6,7,8
#,RacingChocoboNameCategory,,,,,Name[0],Name[1],Name[2],
int32,RacingChocoboNameCategory,bool,bool,bool,bool,RacingChocoboName,RacingChocoboName,RacingChocoboName,uint16
0,"",False,False,False,False,"","","",0
1,"",False,False,False,False,"","","",0
2,"",False,False,False,False,"","","",0
3,"",False,False,False,False,"","","",0
4,"",False,False,False,False,"","","",0
5,"色",False,False,False,True,"Doré","","",0
6,"色",False,False,False,True,"Dorée","","",0
7,"素材",False,False,False,True,"Noire","","",0
8,"色",False,True,False,False,"Silberner","Silberner","Silberner",81
9,"色",False,True,False,False,"Fer","Fer","Fer",121
10,"色",False,False,False,True,"Grenat","Grenat","Grenat",123
11,"色",False,False,False,True,"Iron","","",0
12,"色",False,False,True,False,"Metal","","",0
13,"色",False,False,True,False,"Métal","Métal","Métal",128
14,"色",False,False,True,False,"Métallique","","",0
15,"色",False,False,False,True,"Opale","","",0
16,"色",False,False,False,True,"Perle","","",0
17,"色",False,False,False,True,"Seidige","","",0
18,"色",False,True,False,True,"Seidiger","Seidiger","Seidiger",143
19,"色",False,True,False,False,"Sphene","Sphene","Sphene",146
20,"色",False,False,False,True,"Geölte","","",0
21,"色",False,False,False,True,"Geölter","","",0
22,"色",False,False,False,True,"Parfait","","",0
23,"天文地理",False,False,False,True,"Perfect","","",0
24,"植物",False,False,False,True,"Positive","","",0
25,"色",False,False,False,True,"Premium","","",0
26,"色",False,True,False,False,"Pur","Pur","Pur",218
27,"色",False,False,False,True,"Pure","","",0
28,"色",False,True,False,False,"Edler","Edler","Edler",258
29,"色",False,True,False,True,"Gorgeous","Gorgeous","Gorgeous",266
30,"色",False,True,False,False,"Fringante","Fringante","Fringante",301
31,"色",False,False,False,True,"Innocent","","",0
32,"色",False,False,False,True,"Innocente","","",0
33,"色",False,False,False,True,"Brilliance","","",0
34,"色",False,False,False,True,"Chaos","","",0
35,"色",False,True,False,False,"Fee","Fee","Fee",391
36,"色",False,False,False,True,"Legende","","",0
37,"色",False,False,True,False,"Campagnarde","","",0
38,"色",False,False,True,False,"Cap","","",0
39,"色",False,False,True,False,"Citadin","","",0
40,"色",False,True,True,False,"Mercure","Mercure","Mercure",610
41,"色",False,False,True,False,"Mercury","","",0
42,"色",False,False,True,False,"Méridional","","",0
43,"色",False,False,True,False,"Méridionale","","",0
44,"色",False,True,False,False,"Occidentale","Occidentale","Occidentale",626
45,"色",False,True,False,False,"Orientale","Orientale","Orientale",628
46,"色",False,False,True,False,"Stream","","",0
47,"色",False,False,True,False,"","","",0
48,"色",False,False,True,False,"Sun","","",0
49,"色",False,False,False,True,"Thunder","","",0
50,"色",False,False,False,True,"Tonnerre","","",0
51,"色",False,True,True,True,"Tornade","Tornade","Tornade",737
52,"色",False,True,False,False,"Zéphyr","Zéphyr","Zéphyr",751
53,"素材",False,False,False,True,"Fire","","",0
54,"色",False,False,False,True,"Flare","","",0
55,"色",True,False,False,False,"Baroness","","",0
56,"色",False,True,False,False,"Herzog","Herzog","Herzog",984
57,"色",False,False,False,True,"Miss","","",0
58,"色",False,False,False,True,"Noble","","",0
59,"色",False,False,False,True,"Roi","","",0
60,"色",False,False,False,True,"Royal","","",0
61,"色",False,False,False,True,"Royale","","",0
62,"素材",False,False,False,True,"Final","Final","Final",1049
63,"色",False,False,False,True,"I","","",0
64,"色",False,True,False,True,"Maximale","Maximale","Maximale",1077
65,"色",False,False,False,True,"Vieux","","",0
66,"色",False,False,False,True,"Mataemon","","",0
67,"色",False,True,False,False,"Chariot","Chariot","Chariot",1184
68,"色",False,False,True,False,"Hiden","","",0
69,"色",False,False,True,False,"Hiten","","",0
70,"色",False,False,True,False,"Hobby","","",0
71,"色",False,False,False,True,"Ichimonji","Ichimonji","Ichimonji",1215
72,"色",False,False,False,True,"Kugel","","",0
73,"色",False,False,False,True,"La","","",0
74,"色",False,False,False,True,"Licol","","",0
75,"色",False,True,False,False,"South","South","South",1262
76,"色",False,False,True,False,"The","The","The",1266
77,"色",False,False,True,False,"Hermès","","",0
78,"色",False,False,True,False,"Séléné","","",0
79,"色",False,False,True,False,"","","",0
80,"色",False,False,True,False,"Rusty","","",0
81,"色",False,False,True,False,"So","So","So",1316
82,"色",False,False,True,False,"Running","","",0
83,"色",False,True,False,False,"","","",1321
84,"色",False,True,False,False,"Another","Another","Another",1324
85,"色",False,True,False,False,"Break","Break","Break",1336
86,"色",False,True,False,True,"Shape","Shape","Shape",1522
87,"色",False,False,False,True,"Resort","","",0
88,"色",False,False,False,True,"Loss","","",0
89,"色",False,False,False,True,"Cannon","","",0
90,"色",False,True,False,True,"Behold","Behold","Behold",1539
91,"色",False,False,False,True,"","","",0
92,"色",False,False,True,False,"des Immortels","","",0
93,"色",False,False,True,False,"de l'Ordre","","",0
94,"色",False,False,True,False,"Chantecler","","",0
95,"色",False,True,False,False,"This","This","This",1610
96,"色",False,True,False,False,"Square","Square","Square",1616
97,"素材",False,False,False,True,"Teioh","","",0
98,"形容詞2",False,True,False,False,"Blanc","Blanc","Blanc",10
99,"素材",False,True,False,True,"Blaue","Blaue","Blaue",12
100,"素材",False,False,False,True,"Blonde","","",0
101,"素材",False,True,False,False,"Cobalt","Cobalt","Cobalt",29
102,"素材",False,False,False,True,"Cuivrée","","",0
103,"素材",False,True,True,False,"Écarlate","Écarlate","Écarlate",36
104,"素材",False,True,False,False,"Darksteel","Darksteel","Darksteel",114
105,"素材",False,False,False,True,"Diamant","","",0
106,"素材",False,True,True,True,"Filante","Filante","Filante",176
107,"素材",False,False,False,True,"Spécial","","",0
108,"素材",False,True,False,False,"Belle","Belle","Belle",250
109,"素材",False,True,False,False,"Benevolent","Benevolent","Benevolent",282
110,"素材",False,False,False,True,"Bold","","",0
111,"素材",False,False,False,True,"Furie","","",0
112,"素材",False,True,False,False,"Impétueuse","Impétueuse","Impétueuse",309
113,"素材",False,False,False,True,"Impétueux","","",0
114,"素材",False,True,False,False,"Prodigue","Prodigue","Prodigue",328
115,"素材",False,False,True,True,"Vive","","",0
116,"素材",False,True,False,False,"Vorwitzige","Vorwitzige","Vorwitzige",359
117,"素材",False,False,True,False,"Novus","","",0
118,"素材",False,True,False,False,"Prodige","Prodige","Prodige",422
119,"素材",False,True,False,False,"Akane","Akane","Akane",427
120,"素材",False,False,False,True,"Ayame","","",0
121,"素材",False,False,False,True,"Ailé","","",0
122,"素材",False,True,False,False,"Wing","Wing","Wing",579
123,"素材",False,False,False,True,"Oriental","","",0
124,"素材",False,True,False,False,"Whirlwind","Whirlwind","Whirlwind",744
125,"素材",False,True,True,True,"Écho","Écho","Écho",758
126,"素材",False,False,True,False,"Centurion","","",0
127,"素材",False,True,False,False,"Walker","Walker","Walker",942
128,"素材",False,False,False,True,"Winner","","",0
129,"素材",False,False,False,True,"Winning","","",0
130,"素材",False,True,True,False,"Heroine","Heroine","Heroine",983
131,"素材",False,True,True,False,"Prinzessin","Prinzessin","Prinzessin",1026
132,"素材",False,False,False,True,"Queen","","",0
133,"素材",False,False,False,True,"Courte","","",0
134,"素材",False,False,False,True,"Vieille","","",0
135,"素材",False,True,False,False,"Bucephalus","Bucephalus","Bucephalus",1107
136,"素材",False,True,True,True,"Gridanisches","Gridanisches","Gridanisches",1158
137,"素材",False,False,True,False,"Line","","",0
138,"素材",False,False,False,True,"Ma","","",0
139,"素材",False,True,False,False,"Martingale","Martingale","Martingale",1227
140,"素材",False,False,True,True,"Trésor","","",0
141,"その他",False,False,True,False,"Angelic","Angelic","Angelic",1263
142,"素材",False,False,True,False,"Nophica's","Nophica's","Nophica's",1275
143,"素材",False,False,True,False,"Widdershins","","",0
144,"素材",False,False,True,False,"Without","","",0
145,"形容詞1",False,True,False,False,"Thy","Thy","Thy",1319
146,"素材",False,True,False,False,"Unbridled","Unbridled","Unbridled",1351
147,"素材",False,True,False,False,"Exit","Exit","Exit",1368
148,"素材",False,False,False,True,"","","",0
149,"素材",False,True,False,True,"Feet","Feet","Feet",1477
150,"素材",False,True,False,False,"Supra","Supra","Supra",1515
151,"素材",False,True,False,False,"Balls","Balls","Balls",1516
152,"素材",False,True,False,False,"Worldwide","Worldwide","Worldwide",1604
153,"形容詞2",False,False,False,True,"Argent","","",0
154,"形容詞2",False,False,False,True,"Azure","","",0
155,"形容詞2",False,True,False,False,"Diamond","Diamond","Diamond",116
156,"形容詞2",False,False,True,False,"Eisen","","",0
157,"形容詞1",False,True,False,False,"Rubin","Rubin","Rubin",137
158,"形容詞1",False,True,False,False,"Silky","Silky","Silky",145
159,"形容詞2",False,False,False,True,"Velveteen","","",0
160,"形容詞2",False,False,False,True,"Best","","",0
161,"容姿",False,True,True,True,"","","",244
162,"形容詞1",False,False,False,True,"Charmantes","","",0
163,"形容詞1",False,False,False,True,"Dandy","","",0
164,"形容詞2",False,True,False,True,"Audacieux","Audacieux","Audacieux",280
165,"形容詞2",False,False,True,False,"Fée","","",0
166,"形容詞2",False,False,True,False,"Fortune","","",0
167,"形容詞2",False,False,True,False,"Geist","","",0
168,"形容詞2",False,True,False,False,"Justice","Justice","Justice",404
169,"形容詞1",False,False,False,True,"Oracle","","",0
170,"形容詞1",False,False,False,True,"Passion","","",0
171,"形容詞1",False,True,False,False,"Peace","Peace","Peace",421
172,"形容詞2",False,True,False,True,"Lys","Lys","Lys",457
173,"形容詞2",False,False,False,True,"Mandragora","","",0
174,"形容詞2",False,True,False,False,"Paprika","Paprika","Paprika",471
175,"形容詞1",False,False,False,True,"Bone","","",0
176,"形容詞1",False,False,False,True,"","","",494
177,"形容詞2",False,True,False,True,"Chanfrein","Chanfrein","Chanfrein",497
178,"形容詞1",False,False,False,True,"Miel","","",0
179,"形容詞1",False,False,False,True,"Minotaur","","",0
180,"形容詞1",False,False,True,False,"Desert","","",0
181,"形容詞1",False,False,True,False,"Désert","Désert","Désert",591
182,"形容詞1",False,False,True,False,"Eastern","","",0
183,"形容詞2",False,False,False,True,"Komet","","",0
184,"形容詞2",False,False,False,True,"Luna","","",0
185,"形容詞2",False,True,False,False,"Mond","Mond","Mond",615
186,"形容詞1",False,True,False,True,"Northern","Northern","Northern",623
187,"形容詞2",False,False,True,False,"Universe","Universe","Universe",649
188,"形容詞2",False,False,True,False,"Uranus","","",0
189,"形容詞2",False,False,True,False,"Ushio","","",0
190,"形容詞2",False,False,True,False,"Echo","","",0
191,"形容詞2",False,False,True,False,"Éclair","","",0
192,"形容詞2",False,False,True,False,"Été","Été","Été",677
193,"形容詞1",False,True,False,False,"Nuit","Nuit","Nuit",705
194,"形容詞2",False,True,True,True,"Orkan","Orkan","Orkan",710
195,"形容詞1",False,False,True,False,"Archère","","",0
196,"形容詞1",False,False,True,False,"Arrow","Arrow","Arrow",801
197,"形容詞1",False,False,True,False,"Attaquant","","",0
198,"形容詞1",False,True,False,False,"Tapferer","Tapferer","Tapferer",861
199,"形容詞2",False,True,False,False,"Flight","Flight","Flight",892
200,"容姿",False,False,False,True,"Flinke","","",0
201,"形容詞2",False,True,False,True,"Quick","Quick","Quick",925
202,"形容詞2",False,False,False,True,"Rapide","","",0
203,"形容詞2",False,False,False,True,"Runner","","",0
204,"形容詞2",False,False,False,True,"Victoire","","",0
205,"形容詞2",False,False,False,True,"Victor","","",0
206,"形容詞2",False,True,False,False,"Imperial","Imperial","Imperial",987
207,"形容詞2",False,True,False,False,"Lady","Lady","Lady",994
208,"形容詞2",False,True,True,True,"Maharaja","Maharaja","Maharaja",998
209,"形容詞1",False,True,False,False,"Scion","Scion","Scion",1035
210,"形容詞2",False,True,False,True,"Deep","Deep","Deep",1047
211,"形容詞2",False,False,False,True,"Fin","","",0
212,"形容詞2",False,False,False,True,"Letztes","","",0
213,"形容詞2",False,False,False,True,"Long","","",0
214,"形容詞2",False,True,False,False,"VI","VI","VI",1091
215,"形容詞2",False,True,False,False,"Hypérion","Hypérion","Hypérion",1116
216,"形容詞2",False,True,False,False,"","","",1121
217,"形容詞2",False,True,False,False,"Olympe","Olympe","Olympe",1129
218,"形容詞2",False,False,False,True,"des Mahlstroms","","",0
219,"形容詞2",False,True,True,True,"Eorzean","Eorzean","Eorzean",1151
220,"形容詞2",False,False,True,False,"Garlean","Garlean","Garlean",1152
221,"形容詞1",False,False,False,True,"Mhigois","","",0
222,"形容詞1",False,True,False,False,"Thavnairian","Thavnairian","Thavnairian",1171
223,"形容詞1",False,True,False,False,"Danseur","Danseur","Danseur",1194
224,"形容詞1",False,True,False,False,"Emblem","Emblem","Emblem",1199
225,"形容詞1",False,False,False,True,"Fresser","","",0
226,"形容詞2",False,True,False,True,"Rhapsody","Rhapsody","Rhapsody",1242
227,"形容詞2",False,False,False,True,"Roadster","","",0
228,"形容詞1",False,False,True,False,"Wark","","",0
229,"形容詞1",False,False,True,False,"Whisper","","",0
230,"形容詞2",False,True,False,False,"Early","Early","Early",1345
231,"形容詞2",False,False,False,True,"","","",0
232,"形容詞2",False,False,False,True,"","","",0
233,"形容詞2",False,True,True,True,"Unbreakable","Unbreakable","Unbreakable",1392
234,"容姿",False,False,False,True,"Undefeated","","",0
235,"形容詞2",False,True,False,False,"Excalipur","Excalipur","Excalipur",1399
236,"形容詞2",False,True,False,False,"","","",1456
237,"形容詞2",False,True,False,False,"Brother","Brother","Brother",1488
238,"形容詞2",False,False,False,True,"Bird","","",0
239,"形容詞2",False,True,True,True,"Above","Above","Above",1490
240,"形容詞1",False,True,False,False,"Bound","Bound","Bound",1542
241,"形容詞2",False,True,False,False,"Force","Force","Force",1576
242,"概念",False,True,False,False,"Razor","Razor","Razor",1598
243,"形容詞2",False,True,False,False,"Adamantoise","Adamantoise","Adamantoise",1602
244,"",False,False,False,False,"","","",0
245,"容姿",False,False,False,True,"Ambre","","",0
246,"容姿",False,False,False,True,"Amethyst","","",0
247,"容姿",False,True,False,False,"Beryl","","Beryl",0
248,"概念",False,True,False,False,"Béryl","","Béryl",0
249,"容姿",False,False,False,True,"Copper","","",0
250,"容姿",False,False,False,True,"Corail","","Corail",0
251,"容姿",False,True,True,False,"Superbe","Superbe","Superbe",234
252,"容姿",False,False,False,True,"Sweet","","",0
253,"容姿",False,False,True,True,"Transient","Transient","Transient",236
254,"容姿",False,False,True,False,"Ultimate","","",0
255,"容姿",False,False,True,False,"Ultime","","",0
256,"容姿",False,True,False,True,"Nana","Nana","Nana",322
257,"容姿",False,False,True,False,"Miracle","","",0
258,"容姿",False,False,True,False,"Néant","","",0
259,"容姿",False,False,True,False,"Nexus","","",0
260,"容姿",False,True,False,False,"Rêve","Rêve","Rêve",423
261,"容姿",False,False,False,True,"Spirit","","",0
262,"容姿",False,False,True,False,"Terror","","",0
263,"容姿",False,False,False,True,"Wunder","","",0
264,"容姿",False,True,False,False,"Safran","Safran","Safran",477
265,"容姿",False,True,False,False,"Stallion","Stallion","Stallion",567
266,"容姿",False,True,False,False,"Montagnarde","Montagnarde","Montagnarde",617
267,"容姿",False,False,False,True,"Impulse","Impulse","Impulse",775
268,"容姿",False,False,False,True,"Inferno","Inferno","Inferno",776
269,"容姿",False,True,False,False,"Rosinante","Rosinante","Rosinante",1131
270,"容姿",False,True,False,False,"Shiden","Shiden","Shiden",1136
271,"容姿",False,True,False,False,"Born","Born","Born",1383
272,"形容詞1",False,False,True,False,"Deus","","",0
273,"形容詞1",False,False,True,False,"Devil's","Devil's","Devil's",1581
274,"形容詞1",False,False,True,False,"Große","","",0
275,"性質",False,True,False,False,"Cuivré","Cuivré","Cuivré",31
276,"性質",False,True,False,False,"Goldenes","Goldenes","Goldenes",43
277,"性質",False,True,False,True,"Nacarat","Nacarat","Nacarat",56
278,"性質",False,False,False,True,"Noir","","",0
279,"性質",False,False,False,True,"Rouge","","",0
280,"性質",False,False,False,True,"Rousse","","",0
281,"競争",False,False,False,True,"Acier","","",0
282,"性質",False,True,False,False,"Cuivre","Cuivre","Cuivre",113
283,"形容詞2",False,True,False,False,"Rubis","Rubis","Rubis",138
284,"性質",False,True,False,False,"Turquoise","Turquoise","Turquoise",149
285,"性質",False,False,True,False,"Cool","Cool","Cool",164
286,"性質",False,False,True,False,"Dunkle","","",0
287,"性質",False,True,False,False,"Fantastic","Fantastic","Fantastic",174
288,"性質",False,False,False,True,"Klapprige","","",0
289,"性質",False,True,False,False,"Meilleur","Meilleur","Meilleur",202
290,"性質",False,False,False,True,"Meilleure","","",0
291,"性質",False,False,False,True,"Saint","","",0
292,"性質",False,False,False,True,"Sainte","","",0
293,"性質",False,True,False,False,"Pensive","Pensive","Pensive",325
294,"性質",False,True,False,False,"Génie","Génie","Génie",396
295,"性質",False,True,False,False,"Harmony","Harmony","Harmony",399
296,"性質",False,False,False,True,"Ayu","","",0
297,"性質",False,False,False,True,"Bat","","",0
298,"性質",False,False,False,True,"Leg","","",0
299,"性質",False,False,False,True,"Licorne","","",0
300,"性質",False,False,False,True,"Pelican","","",0
301,"性質",False,False,False,True,"Penne","","",0
302,"性質",False,False,False,True,"Poussinet","","",0
303,"概念",False,True,False,False,"Raven","Raven","Raven",558
304,"競争",False,False,False,True,"Tail","","",0
305,"概念",False,True,False,False,"Septentrional","Septentrional","Septentrional",636
306,"性質",False,False,False,True,"Akatsuki","","",0
307,"性質",False,False,False,True,"Aki","","",0
308,"性質",False,True,False,True,"Orage","Orage","Orage",707
309,"性質",False,False,False,True,"Summer","","",0
310,"性質",False,False,False,True,"Tailwind","","",0
311,"性質",False,True,False,True,"Typhoon","Typhoon","Typhoon",740
312,"性質",False,False,False,True,"Urara","","",0
313,"性質",False,True,False,False,"Kodama","Kodama","Kodama",777
314,"性質",False,False,False,True,"Quantum","","",0
315,"性質",False,False,False,True,"Radiant","","",0
316,"性質",False,False,True,False,"Axe","","",0
317,"性質",False,False,True,False,"Ballistic","Ballistic","Ballistic",807
318,"性質",False,False,True,False,"Battant","","",0
319,"性質",False,True,False,False,"Sautant","Sautant","Sautant",928
320,"性質",False,True,False,False,"Swift","Swift","Swift",934
321,"性質",False,True,False,False,"Victory","Victory","Victory",941
322,"称号",False,True,False,True,"Idol","Idol","Idol",985
323,"性質",False,True,False,True,"Millénium","Millénium","Millénium",1078
324,"性質",False,False,False,True,"Millennium","","",0
325,"性質",False,True,False,True,"V","V","V",1090
326,"性質",False,False,False,True,"X","","",0
327,"性質",False,False,False,True,"XI","","",0
328,"性質",False,False,False,True,"Yamato","","",0
329,"性質",False,False,False,True,"Gridanian","","",0
330,"性質",False,True,False,False,"Cart","Cart","Cart",1183
331,"性質",False,True,False,False,"Cry","Cry","Cry",1190
332,"性質",False,False,False,True,"Drowned","","",0
333,"性質",False,False,False,True,"","","",0
334,"性質",False,False,False,True,"","","",0
335,"性質",False,False,True,False,"Sweep","","",0
336,"性質",False,False,True,False,"Tempered","","",0
337,"性質",False,False,True,False,"Ticket","","",0
338,"性質",False,False,False,True,"Third","","",0
339,"性質",False,False,False,True,"Take","","",0
340,"性質",False,True,False,False,"Apocalypse","Apocalypse","Apocalypse",1318
341,"性質",False,True,False,False,"Sixth","Sixth","Sixth",1332
342,"形容詞1",False,False,False,True,"Brother's","","",0
343,"天文地理",False,False,True,False,"Raubahn's","","",0
344,"形容詞1",False,False,True,False,"","","",1379
345,"形容詞1",False,False,True,False,"Wonderbird","","",0
346,"形容詞1",False,False,True,False,"Juggernaut","","",0
347,"性質",False,False,False,True,"","","",0
348,"性質",False,True,False,False,"Roll","Roll","Roll",1450
349,"性質",False,True,False,False,"Mantra","Mantra","Mantra",1454
350,"性質",False,False,False,True,"Circumstances","Circumstances","Circumstances",1455
351,"性質",False,False,True,False,"Apron","Apron","Apron",1460
352,"性質",False,False,True,False,"Cockatrice","","",0
353,"性質",False,False,True,False,"Prigger","","",0
354,"形容詞1",False,True,True,True,"Fish","Fish","Fish",1475
355,"形容詞1",False,False,True,True,"Buster","Buster","Buster",1476
356,"概念",False,True,False,True,"Helper","Helper","Helper",1526
357,"性質",False,False,False,True,"Mast","","",0
358,"性質",False,False,False,True,"Free","","",0
359,"性質",False,False,True,False,"Mithril","","",0
360,"性質",False,False,True,False,"Écrin","","",0
361,"性質",False,False,True,False,"Idéal de","","",0
362,"性質",False,True,False,False,"Breaker","Breaker","Breaker",1579
363,"概念",False,False,False,True,"Gelbes","","",0
364,"概念",False,False,False,True,"Gold","","",0
365,"動物",False,True,False,False,"Goldene","","Goldene",0
366,"概念",False,True,True,True,"Green","Green","Green",44
367,"概念",False,False,True,False,"Pastel","Pastel","Pastel",64
368,"概念",False,True,True,False,"Pers","Pers","Pers",65
369,"概念",False,False,False,True,"Pourpre","","",0
370,"概念",False,False,False,True,"Schwarze","","",0
371,"概念",False,False,False,True,"Adorée","","",0
372,"概念",False,True,False,False,"Excellente","Excellente","Excellente",173
373,"概念",False,True,True,True,"Special","Special","Special",230
374,"動物",False,True,False,False,"Turbulente","Turbulente","Turbulente",355
375,"概念",False,False,False,True,"Ange","","",0
376,"概念",False,False,False,True,"Angel","Angel","Angel",365
377,"概念",False,True,False,False,"Espoir","Espoir","Espoir",380
378,"概念",False,True,False,False,"Capucine","Capucine","Capucine",435
379,"概念",False,False,True,False,"Clématite","","",0
380,"概念",False,False,False,True,"Fleur","Fleur","Fleur",441
381,"概念",False,False,False,True,"Flora","","",0
382,"形容詞2",False,True,False,False,"Gingembre","Gingembre","Gingembre",445
383,"概念",False,False,False,True,"Ginger","","",0
384,"概念",False,False,False,True,"Iris","","",0
385,"性質",False,True,False,False,"Kaede","Kaede","Kaede",451
386,"形容詞2",False,False,True,False,"Kiku","","",0
387,"形容詞2",False,False,True,False,"Laurel","","",0
388,"形容詞2",False,False,True,False,"Lavande","","",0
389,"動物",False,True,False,False,"Orchid","Orchid","Orchid",468
390,"概念",False,False,False,True,"Pomme","","",0
391,"概念",False,False,True,False,"Zitrone","Zitrone","Zitrone",481
392,"概念",False,False,False,True,"Adder","","",0
393,"概念",False,True,False,True,"Leaper","Leaper","Leaper",534
394,"概念",False,False,True,False,"Zu","Zu","Zu",581
395,"概念",False,True,True,False,"Comet","Comet","Comet",587
396,"概念",False,False,False,True,"Crag","","",0
397,"動物",False,True,False,False,"Étoile","Étoile","Étoile",595
398,"概念",False,False,False,True,"Neptune","Neptune","Neptune",621
399,"概念",False,True,False,False,"Arashi","Arashi","Arashi",661
400,"概念",False,True,False,False,"Night","Night","Night",703
401,"概念",False,True,True,True,"Sky","Sky","Sky",724
402,"形容詞2",False,True,False,False,"Snow","Snow","Snow",725
403,"概念",False,True,False,False,"Ombre","Ombre","Ombre",780
404,"概念",False,True,False,True,"Sparkling","Sparkling","Sparkling",792
405,"概念",False,True,False,False,"Lancer","Lancer","Lancer",838
406,"概念",False,False,True,False,"Lieutenant","Lieutenant","Lieutenant",840
407,"概念",False,False,False,True,"Marshal","Marshal","Marshal",841
408,"概念",False,True,False,False,"Rugged","Rugged","Rugged",850
409,"概念",False,False,True,False,"Sergent","","Sergent",0
410,"性質",False,True,False,False,"Bolide","Bolide","Bolide",878
411,"概念",False,False,False,True,"Coureuse","Coureuse","Coureuse",884
412,"形容詞2",False,True,False,False,"Fleet","Fleet","Fleet",891
413,"性質",False,True,False,False,"Galopant","Galopant","Galopant",901
414,"概念",False,True,False,True,"Countess","Countess","Countess",956
415,"概念",False,False,False,True,"Jeune","","",0
416,"概念",False,True,True,True,"Majesté","Majesté","Majesté",1002
417,"概念",False,True,True,True,"Partner","Partner","Partner",1019
418,"概念",True,False,False,False,"Pendragon","","",0
419,"概念",False,False,False,True,"Giant","","",0
420,"概念",False,False,False,True,"Maximal","Maximal","Maximal",1076
421,"概念",False,True,False,False,"Oller","Oller","Oller",1082
422,"概念",False,False,False,True,"Xanthe","","",0
423,"概念",False,False,False,True,"Dance","","",0
424,"概念",False,True,False,False,"Vide","Vide","Vide",1352
425,"概念",False,True,False,False,"Salvation","Salvation","Salvation",1420
426,"概念",False,False,True,False,"Hidebound","","",0
427,"植物",True,False,False,False,"Brun","","",0
428,"植物",True,False,False,False,"Grüne","","",0
429,"植物",True,False,False,False,"Silber","","",0
430,"植物",False,False,False,True,"Platinum","","",0
431,"植物",False,True,False,False,"Klappriges","Klappriges","Klappriges",197
432,"植物",False,False,False,True,"Limber","","",0
433,"植物",False,False,False,True,"Maximum","","",0
434,"植物",False,False,False,True,"Méritant","","",0
435,"植物",False,False,False,True,"Optimal","","",0
436,"植物",False,False,False,True,"Charmanter","","",0
437,"植物",False,False,False,True,"Elegant","","",0
438,"植物",False,False,False,True,"Braver","","",0
439,"植物",False,True,False,False,"Legend","Legend","Legend",405
440,"植物",False,False,True,False,"Coriandre","","",0
441,"植物",False,False,False,True,"","","",0
442,"植物",False,True,False,False,"Foot","Foot","Foot",521
443,"植物",False,False,False,True,"Fox","","",0
444,"植物",False,True,False,False,"Fuchs","","Fuchs",0
445,"植物",False,False,False,True,"Galaxie","","",0
446,"植物",False,True,False,False,"Galaxy","Galaxy","Galaxy",599
447,"植物",False,True,True,True,"Wave","Wave","Wave",743
448,"植物",False,False,False,True,"Burst","","",0
449,"植物",False,False,True,True,"Flamboyante","","",0
450,"植物",False,True,False,True,"Flamme","","Flamme",0
451,"植物",True,False,False,False,"Twinkling","","",0
452,"植物",True,False,False,False,"Amirale","","",0
453,"植物",False,True,False,False,"Fighter","Fighter","Fighter",829
454,"植物",False,False,False,True,"Firecracker","","",0
455,"植物",False,False,False,True,"Strike","","",0
456,"植物",False,True,False,False,"Tapfere","Tapfere","Tapfere",860
457,"植物",False,False,False,True,"Défi","","",0
458,"植物",False,True,True,False,"Glory","Glory","Glory",906
459,"植物",False,False,False,True,"Goer","","",0
460,"植物",False,False,False,True,"Comte","","",0
461,"植物",True,False,False,False,"Duchess","","",0
462,"植物",True,False,False,False,"Duchesse","","",0
463,"植物",False,False,False,True,"Held","","",0
464,"植物",False,False,False,True,"Hero","","",0
465,"植物",False,False,False,True,"Maestro","","",0
466,"",False,False,False,False,"","","",0
467,"植物",False,True,True,True,"Seigneur","Seigneur","Seigneur",1036
468,"植物",False,True,False,False,"III","III","III",1056
469,"植物",False,False,True,False,"Infinity","","",0
470,"植物",False,False,False,True,"IV","","",0
471,"植物",False,True,True,True,"Letzter","Letzter","Letzter",1071
472,"概念",False,False,False,True,"Quatorzième","","",0
473,"植物",False,False,False,True,"Asuka","","",0
474,"植物",False,False,False,True,"Jack","","",0
475,"植物",False,True,False,False,"Dancing","Dancing","Dancing",1193
476,"植物",False,True,True,True,"Gysahl","Gysahl","Gysahl",1209
477,"植物",False,False,True,True,"Quadrille","","",0
478,"植物",True,False,False,False,"Saddle","","",0
479,"植物",False,False,False,True,"Fascination","","",0
480,"植物",False,False,False,True,"Aen","","",0
481,"植物",False,False,True,False,"Gambrinous","Gambrinous","Gambrinous",1629
482,"動物",False,True,False,False,"Ambré","","Ambré",0
483,"動物",False,False,False,True,"Blaues","","",0
484,"動物",False,False,False,True,"Bleu","","",0
485,"動物",False,True,True,True,"Grüner","Grüner","Grüner",47
486,"形容詞1",False,True,False,False,"Schwarzer","Schwarzer","Schwarzer",77
487,"動物",True,False,False,False,"Silberne","","",0
488,"動物",False,True,False,False,"Xanthous","Xanthous","Xanthous",95
489,"動物",False,True,False,False,"Airain","Airain","Airain",100
490,"動物",False,False,False,True,"Bronze","","",0
491,"動物",False,True,False,False,"Charbon","Charbon","Charbon",107
492,"動物",False,True,False,False,"Seidiges","Seidiges","Seidiges",144
493,"動物",False,True,False,False,"Adoré","Adoré","Adoré",153
494,"",False,False,False,False,"","","",0
495,"",False,False,False,False,"","","",0
496,"動物",False,False,False,True,"Klappriger","","",0
497,"動物",False,False,False,True,"Saurer","","",0
498,"動物",False,True,False,False,"Edle","Edle","Edle",257
499,"",False,False,False,False,"","","",0
500,"動物",False,True,False,True,"Audacieuse","Audacieuse","Audacieuse",279
501,"",False,False,False,False,"","","",0
502,"動物",False,False,False,True,"Chanceuse","","",0
503,"動物",False,False,False,True,"Fringant","","",0
504,"",False,False,False,False,"","","",0
505,"動物",False,False,True,False,"Pureté","","",0
506,"動物",False,False,False,True,"Treue","","",0
507,"動物",False,True,False,False,"Äther","Äther","Äther",367
508,"動物",False,True,True,True,"Atma","Atma","Atma",368
509,"動物",False,False,False,True,"Divine","","",0
510,"動物",False,True,False,True,"End","End","End",378
511,"動物",False,False,False,True,"Ghost","","",0
512,"動物",False,True,False,False,"Hope","Hope","Hope",400
513,"",False,False,False,False,"","","",0
514,"",False,False,False,False,"","","",0
515,"動物",False,True,False,False,"Momo","Momo","Momo",462
516,"動物",False,True,False,True,"Myosotis","Myosotis","Myosotis",464
517,"動物",False,True,False,False,"Sakura","Sakura","Sakura",478
518,"動物",False,False,True,False,"Tulipe","Tulipe","Tulipe",480
519,"動物",False,False,True,False,"Draconique","Draconique","Draconique",509
520,"動物",False,True,False,False,"Duvet","Duvet","Duvet",511
521,"動物",False,True,False,False,"Hengst","Hengst","Hengst",529
522,"動物",False,True,False,False,"Manticore","Manticore","Manticore",537
523,"動物",False,False,True,False,"Plumage","","",0
524,"動物",False,False,False,True,"Comète","","",0
525,"動物",False,True,False,False,"Montagnard","Montagnard","Montagnard",616
526,"動物",False,True,False,False,"Automne","Automne","Automne",663
527,"動物",True,False,False,False,"Blitz","","",0
528,"動物",False,True,False,False,"Bourrasque","Bourrasque","Bourrasque",667
529,"動物",False,False,True,False,"Fog","","",0
530,"動物",True,False,False,False,"Kasumi","","",0
531,"動物",False,False,False,True,"Flamboyant","","",0
532,"動物",False,True,False,False,"Frozen","Frozen","Frozen",768
533,"動物",False,False,True,False,"Chasseur","Chasseur","Chasseur",818
534,"競争",False,True,False,False,"General","General","General",832
535,"動物",False,True,False,False,"Jägerin","Jägerin","Jägerin",835
536,"動物",False,False,False,True,"Sergeant","","",0
537,"動物",False,True,False,True,"Herold","Herold","Herold",908
538,"その他",False,False,False,True,"Baronne","","",0
539,"動物",False,True,False,False,"Comtesse","Comtesse","Comtesse",954
540,"動物",False,True,True,False,"Héritière","Héritière","Héritière",981
541,"動物",True,False,False,False,"Kleine","","",0
542,"動物",False,False,False,True,"Leichter","","",0
543,"動物",False,False,False,True,"Million","","",0
544,"動物",False,False,False,True,"Nice","","",0
545,"動物",False,True,False,False,"Olles","Olles","Olles",1083
546,"動物",False,True,False,False,"Omega","Omega","Omega",1084
547,"動物",False,False,False,True,"Petite","","",0
548,"動物",False,False,False,True,"XIII","","",0
549,"動物",False,True,True,False,"XIV","XIV","XIV",1100
550,"動物",False,True,False,False,"Young","Young","Young",1101
551,"動物",False,False,False,True,"Zero","","",0
552,"動物",False,True,False,True,"Digga","Digga","Digga",1111
553,"動物",False,True,False,True,"Goemon","Goemon","Goemon",1112
554,"動物",False,True,True,False,"Komachi","Komachi","Komachi",1120
555,"動物",False,False,False,True,"Luzie","Luzie","Luzie",1122
556,"動物",False,False,False,True,"Musashi","","",0
557,"動物",False,False,False,True,"Neddy","","",0
558,"動物",False,True,False,False,"Bo","Bo","Bo",1179
559,"動物",False,False,False,True,"Clipper","","",0
560,"動物",False,True,False,False,"Flocke","Flocke","Flocke",1203
561,"動物",False,False,False,True,"Kweh","","",0
562,"動物",False,False,True,False,"Devilish","Devilish","Devilish",1264
563,"動物",False,False,True,False,"Toho","","",0
564,"動物",False,False,True,False,"Fuhai","Fuhai","Fuhai",1270
565,"動物",False,True,False,True,"","","",1291
566,"動物",False,False,False,True,"Barrel","","",0
567,"動物",False,True,False,False,"Dead","Dead","Dead",1360
568,"動物",False,True,False,False,"Seventh","Seventh","Seventh",1364
569,"動物",False,False,True,False,"Collywobbles","","",0
570,"動物",False,True,False,False,"Ironclad","Ironclad","Ironclad",1389
571,"動物",False,True,False,False,"Crucifix","Crucifix","Crucifix",1403
572,"動物",False,True,False,True,"Thunderbolt","Thunderbolt","Thunderbolt",1406
573,"動物",False,True,True,False,"Spit","Spit","Spit",1469
574,"競争",False,False,False,True,"Cooper","Cooper","Cooper",1470
575,"動物",False,True,False,False,"Unchained","Unchained","Unchained",1499
576,"動物",False,False,True,False,"Judge","Judge","Judge",1543
577,"動物",False,False,False,True,"Sore","","",0
578,"動物",False,True,False,False,"Fierté","Fierté","Fierté",1551
579,"動物",False,True,False,False,"Sweaty","Sweaty","Sweaty",1585
580,"容姿",False,True,False,False,"Heavens","Heavens","Heavens",1586
581,"動物",False,True,True,True,"Saffron","Saffron","Saffron",1630
582,"形容詞1",False,False,False,True,"Magnificent","","",0
583,"形容詞1",False,False,False,True,"Magnifique","","",0
584,"その他",False,True,False,True,"Natural","Natural","Natural",206
585,"形容詞1",False,False,False,True,"Charmant","","",0
586,"形容詞1",False,False,False,True,"Charmante","","",0
587,"天文地理",False,True,False,False,"Wilde","Wilde","Wilde",272
588,"天文地理",False,False,False,True,"Wilder","Wilder","Wilder",273
589,"天文地理",False,True,False,False,"Fougueuse","Fougueuse","Fougueuse",298
590,"天文地理",False,True,False,False,"Tranquil","Tranquil","Tranquil",349
591,"天文地理",False,False,False,True,"Tranquille","","",0
592,"形容詞1",False,True,False,False,"Joy","Joy","Joy",403
593,"天文地理",False,True,True,False,"Lucky","Lucky","Lucky",410
594,"天文地理",False,False,False,True,"Lutin","","",0
595,"天文地理",False,False,False,True,"Jacinthe","Jacinthe","Jacinthe",448
596,"天文地理",False,True,False,False,"Fledgling","Fledgling","Fledgling",520
597,"天文地理",False,True,False,False,"Jay","Jay","Jay",532
598,"天文地理",False,False,True,True,"Schwinge","Schwinge","Schwinge",564
599,"天文地理",False,True,False,False,"Serpent","Serpent","Serpent",565
600,"天文地理",True,False,False,False,"Campagnard","","",0
601,"天文地理",False,True,False,False,"Hiver","Hiver","Hiver",691
602,"天文地理",False,False,True,False,"Inazuma","","",0
603,"天文地理",False,True,False,True,"Smoking","Smoking","Smoking",790
604,"天文地理",False,True,False,True,"Spark","Spark","Spark",791
605,"天文地理",False,False,True,False,"Captain","Captain","Captain",815
606,"天文地理",False,False,False,True,"Championne","Championne","Championne",881
607,"天文地理",False,True,False,False,"Chance","Chance","Chance",882
608,"天文地理",False,False,False,True,"Coureur","","",0
609,"天文地理",False,True,True,True,"Jumping","Jumping","Jumping",912
610,"天文地理",False,False,False,True,"Triumph","","",0
611,"天文地理",False,True,False,False,"Trot","Trot","Trot",936
612,"天文地理",False,False,False,True,"Turbo","","",0
613,"天文地理",False,False,False,True,"Véloce","","",0
614,"天文地理",False,True,True,False,"Altesse","Altesse","Altesse",945
615,"天文地理",False,False,True,False,"Empereur","","",0
616,"形容詞1",False,False,False,True,"","","",0
617,"形容詞1",False,False,False,True,"Friend","","",0
618,"天文地理",False,True,False,False,"Girl","Girl","Girl",972
619,"天文地理",False,True,False,False,"Kaiser","Kaiser","Kaiser",991
620,"天文地理",False,True,False,False,"Kaiserin","Kaiserin","Kaiserin",992
621,"天文地理",False,True,False,True,"","","",999
622,"天文地理",False,True,False,False,"Maître","Maître","Maître",1000
623,"形容詞1",False,True,False,False,"","","",1017
624,"天文地理",False,True,True,True,"Papa","Papa","Papa",1018
625,"天文地理",False,False,False,True,"Reine","","",0
626,"天文地理",False,False,False,True,"Riche","","",0
627,"天文地理",False,False,False,True,"Junge","","",0
628,"天文地理",False,False,False,True,"Junger","","",0
629,"天文地理",False,True,False,False,"Gonzales","Gonzales","Gonzales",1113
630,"天文地理",False,False,False,True,"Hermes","","",0
631,"天文地理",False,True,False,False,"Ishgardais","Ishgardais","Ishgardais",1159
632,"天文地理",False,True,False,False,"Farceur","Farceur","Farceur",1200
633,"天文地理",False,True,False,False,"Trotteuse","Trotteuse","Trotteuse",1253
634,"天文地理",False,False,False,True,"Twelveswood","","",0
635,"天文地理",False,True,False,False,"Spoony","Spoony","Spoony",1272
636,"天文地理",False,False,False,True,"","","",0
637,"天文地理",False,False,False,True,"Wet","","",0
638,"天文地理",False,True,True,False,"Cobra","Cobra","Cobra",1330
639,"天文地理",False,False,False,True,"Top","","",0
640,"形容詞1",False,True,False,False,"Something","Something","Something",1341
641,"天文地理",False,True,False,True,"Loose","Loose","Loose",1361
642,"天文地理",False,True,False,False,"Closing","Closing","Closing",1363
643,"天文地理",False,True,False,False,"Highlander","Highlander","Highlander",1373
644,"",False,False,False,False,"","","",0
645,"天文地理",False,True,False,False,"Storyteller","","Storyteller",0
646,"形容詞1",False,True,False,False,"Oblivion","Oblivion","Oblivion",1402
647,"天文地理",False,True,True,True,"Waters","Waters","Waters",1438
648,"天文地理",False,False,False,True,"","","",0
649,"天文地理",False,True,False,False,"Freedom","Freedom","Freedom",1501
650,"天文地理",False,True,False,True,"Burner","Burner","Burner",1503
651,"天文地理",True,False,False,False,"Groundskeeper","","",0
652,"天文地理",False,True,False,False,"Chains","Chains","Chains",1512
653,"天文地理",False,False,False,True,"","","",0
654,"天文地理",False,True,False,False,"Play","Play","Play",1520
655,"天文地理",False,False,False,True,"Deal","","",0
656,"天文地理",False,True,False,False,"Aldébaran","","Aldébaran",0
657,"形容詞1",False,True,False,False,"Marylou","Marylou","Marylou",1567
658,"気象",False,True,False,True,"Blond","Blond","Blond",17
659,"気象",True,False,False,False,"Brune","","",0
660,"気象",True,False,False,False,"Céleste","","",0
661,"気象",True,False,False,False,"Ivory","","",0
662,"気象",False,False,False,True,"Jais","","",0
663,"気象",False,False,False,True,"Roux","","",0
664,"気象",False,True,False,False,"Rubican","Rubican","Rubican",74
665,"戦闘",False,True,True,False,"Ruby","Ruby","Ruby",139
666,"気象",False,True,True,True,"Schatz","Schatz","Schatz",141
667,"気象",False,False,False,True,"Bon","Bon","Bon",159
668,"気象",False,True,False,False,"Easy","Easy","Easy",168
669,"気象",False,False,True,True,"Filant","Filant","Filant",175
670,"気象",False,False,False,True,"Beauty","","",0
671,"気象",False,True,False,False,"Gallant","Gallant","Gallant",265
672,"気象",False,True,False,True,"Kluge","Kluge","Kluge",316
673,"形容詞1",False,True,False,False,"Peureuse","Peureuse","Peureuse",326
674,"気象",False,False,True,False,"Avenir","","",0
675,"気象",False,False,True,False,"Légende","","",0
676,"気象",False,False,False,True,"Liebe","Liebe","Liebe",409
677,"気象",False,False,False,True,"Flower","","",0
678,"気象",False,True,False,False,"Genet","Genet","Genet",524
679,"気象",False,True,False,False,"Hayabusa","Hayabusa","Hayabusa",527
680,"気象",False,True,True,False,"Phénix","Phénix","Phénix",548
681,"形容詞1",False,True,False,False,"Phoenix","Phoenix","Phoenix",549
682,"気象",True,False,False,False,"Piaf","","",0
683,"形容詞2",False,False,False,True,"Pony","","",0
684,"形容詞2",False,False,False,True,"Poulet","Poulet","Poulet",555
685,"気象",True,False,False,False,"Rémige","","",0
686,"気象",False,True,False,False,"Serre","Serre","Serre",566
687,"気象",False,True,False,False,"Jungle","Jungle","Jungle",603
688,"気象",False,True,False,False,"Univers","Univers","Univers",648
689,"気象",True,False,False,False,"Vénus","","",0
690,"気象",True,False,False,False,"Arc-en-ciel","","",0
691,"気象",False,False,False,True,"Luft","","",0
692,"気象",False,True,False,False,"Orageuse","Orageuse","Orageuse",708
693,"気象",True,False,False,False,"Shigure","","",0
694,"気象",True,False,False,False,"Tempête","","",0
695,"気象",True,False,False,False,"Admiral","","",0
696,"気象",False,True,False,False,"Spear","Spear","Spear",857
697,"気象",False,False,True,False,"Challenger","","",0
698,"気象",False,True,False,True,"Courrier","Courrier","Courrier",957
699,"気象",False,False,False,True,"","","",0
700,"気象",True,False,False,False,"Heldin","","",0
701,"気象",True,False,False,False,"Impératrice","","",0
702,"気象",False,True,False,True,"Impérial","Impérial","Impérial",988
703,"気象",False,True,False,False,"Mama","","Mama",0
704,"気象",False,False,False,True,"Picker","","",0
705,"気象",False,False,False,True,"Princess","","",0
706,"気象",True,False,False,False,"Prinz","","",0
707,"気象",False,False,False,True,"Gros","","",0
708,"気象",False,False,False,True,"Großer","","",0
709,"気象",False,False,False,True,"Großes","","",0
710,"気象",False,False,True,False,"Junges","Junges","Junges",1062
711,"気象",False,False,False,True,"Kleiner","","",0
712,"気象",False,False,False,True,"Diane","","",0
713,"気象",False,False,False,True,"Surusumi","","",0
714,"気象",False,True,False,False,"Gridanische","Gridanische","Gridanische",1156
715,"気象",False,False,False,True,"Mhigoise","","",0
716,"気象",True,True,False,False,"Ul'dahn","Ul'dahn","Ul'dahn",1172
717,"気象",False,True,False,False,"Ul'dahner","Ul'dahner","Ul'dahner",1173
718,"気象",False,True,False,False,"Uldien","Uldien","Uldien",1174
719,"気象",False,False,True,False,"Chocolat","Chocolat","Chocolat",1185
720,"気象",True,False,False,False,"Sharlayan","","",0
721,"気象",False,True,False,False,"Souffle","Souffle","Souffle",1248
722,"気象",True,False,False,False,"Hedge","","",0
723,"気象",True,False,False,False,"Dreamer's","","",0
724,"気象",False,True,False,False,"","","",0
725,"気象",False,True,False,False,"Cut","Cut","Cut",1326
726,"気象",False,True,False,False,"Guardian","Guardian","Guardian",1327
727,"形容詞1",False,True,False,False,"","","",1328
728,"気象",False,True,False,False,"Fair","Fair","Fair",1356
729,"気象",False,True,False,False,"Polished","Polished","Polished",1369
730,"気象",False,False,True,False,"","","",1378
731,"気象",False,True,False,False,"Undersecretariat","Undersecretariat","Undersecretariat",1388
732,"気象",False,True,False,False,"Yesterday","Yesterday","Yesterday",1404
733,"気象",False,True,False,False,"Ambidexter","Ambidexter","Ambidexter",1414
734,"気象",False,False,False,True,"Bane","","",0
735,"気象",False,True,False,False,"Up","Up","Up",1430
736,"気象",False,False,False,True,"Back","Back","Back",1442
737,"気象",False,False,False,True,"Preacher","Preacher","Preacher",1446
738,"気象",False,True,True,False,"Clear","Clear","Clear",1447
739,"気象",False,False,False,True,"Lips","","",0
740,"気象",False,True,False,False,"Later","Later","Later",1483
741,"気象",True,False,False,False,"Folly","","",0
742,"気象",False,False,False,True,"Crow","","",0
743,"気象",False,True,False,False,"de la Noscea","de la Noscea","de la Noscea",1560
744,"気象",False,True,False,False,"Jonquille","Jonquille","Jonquille",1570
745,"気象",False,True,True,False,"Legally","Legally","Legally",1584
746,"気象",False,True,True,False,"Stunning","Stunning","Stunning",1591
747,"気象",False,False,True,False,"Unfair","","",0
748,"気象",False,False,True,False,"Swallowtail","Swallowtail","Swallowtail",1597
749,"気象",True,False,False,False,"Roam","","",0
750,"気象",False,True,False,False,"Apparent","Apparent","Apparent",1621
751,"気象",False,False,False,True,"Side","","",0
752,"現象",False,True,False,False,"Mythril","Mythril","Mythril",130
753,"形容詞1",False,True,False,False,"Obsidienne","Obsidienne","Obsidienne",132
754,"現象",False,False,False,True,"Chic","","",0
755,"現象",False,False,False,True,"Clair","","",0
756,"現象",False,True,False,False,"Guter","Guter","Guter",188
757,"形容詞1",False,True,False,False,"Fier","Fier","Fier",296
758,"現象",False,False,False,True,"Liberty","","",0
759,"現象",False,False,False,True,"Apkallu","","",0
760,"現象",False,False,True,False,"Avian","Avian","Avian",486
761,"形容詞1",False,True,False,False,"Bec","Bec","Bec",490
762,"現象",False,True,False,False,"Claw","","Claw",0
763,"現象",False,False,False,True,"","","",0
764,"現象",False,False,False,True,"Daune","","",0
765,"現象",False,False,True,True,"Dobbin","","",0
766,"現象",False,True,False,False,"Dodo","Dodo","Dodo",508
767,"現象",False,True,False,False,"Palefroi","Palefroi","Palefroi",542
768,"形容詞1",False,True,False,False,"Phurble","Phurble","Phurble",550
769,"現象",False,False,True,False,"Poussin","","",0
770,"現象",False,False,False,True,"Highland","","",0
771,"現象",True,False,False,False,"Ikazuchi","","",0
772,"現象",False,True,False,False,"Quake","","Quake",0
773,"形容詞1",False,True,False,False,"Raiden","Raiden","Raiden",716
774,"現象",False,True,False,True,"Snowstorm","Snowstorm","Snowstorm",726
775,"現象",False,True,False,False,"Tempest","Tempest","Tempest",733
776,"現象",False,True,True,False,"Tornado","Tornado","Tornado",738
777,"現象",True,False,False,False,"Blitzer","","",0
778,"現象",False,True,False,False,"Shooting","Shooting","Shooting",856
779,"現象",False,True,False,True,"Fast","Fast","Fast",889
780,"現象",False,False,False,True,"Tycoon","","",0
781,"現象",False,True,False,True,"Gridanischer","Gridanischer","Gridanischer",1157
782,"形容詞1",False,True,False,True,"Lominsan","Lominsan","Lominsan",1167
783,"現象",False,True,False,False,"Bonbon","Bonbon","Bonbon",1180
784,"色",False,False,False,True,"","","",0
785,"色",False,False,False,True,"Jinpu","","",0
786,"色",False,True,False,True,"Mon","Mon","Mon",1232
787,"色",False,False,False,True,"Monture","","",0
788,"現象",False,True,False,False,"Morbid","Morbid","Morbid",1294
789,"形容詞1",False,True,False,False,"Three","Three","Three",1305
790,"形容詞1",False,True,False,False,"Common","Common","Common",1325
791,"現象",False,True,False,False,"Wily","Wily","Wily",1342
792,"形容詞1",False,True,False,False,"Gummy","Gummy","Gummy",1343
793,"形容詞1",False,True,False,False,"What","What","What",1480
794,"現象",False,True,False,True,"Chices","Chices","Chices",1547
795,"戦闘",False,True,False,False,"","","",2
796,"戦闘",False,True,True,False,"Ambrée","Ambrée","Ambrée",6
797,"戦闘",False,False,False,True,"Gelbe","","",0
798,"戦闘",False,False,False,True,"Gelber","","",0
799,"戦闘",False,True,False,True,"Jaune","Jaune","Jaune",54
800,"戦闘",False,False,False,True,"Midori","","",0
801,"戦闘",False,True,False,False,"Ocré","Ocré","Ocré",60
802,"戦闘",False,False,False,True,"Rote","","",0
803,"戦闘",False,False,False,True,"Roter","","",0
804,"戦闘",False,False,False,True,"Rotes","","",0
805,"戦闘",False,True,False,False,"Scarlet","Scarlet","Scarlet",75
806,"戦闘",False,True,False,False,"Schwarzes","Schwarzes","Schwarzes",78
807,"競争",False,True,False,False,"Smalt","Smalt","Smalt",84
808,"競争",False,False,False,True,"Yellow","Yellow","Yellow",96
809,"戦闘",False,True,False,False,"Aetherial","Aetherial","Aetherial",98
810,"戦闘",False,True,False,False,"Garnet","Garnet","Garnet",122
811,"",False,False,False,False,"","","",0
812,"戦闘",False,True,False,False,"Saphir","Saphir","Saphir",140
813,"性質",False,True,True,True,"Claire","Claire","Claire",163
814,"戦闘",False,False,False,True,"Negative","","",0
815,"戦闘",False,True,False,False,"Old","Old","Old",209
816,"戦闘",False,True,False,True,"Poetic","Poetic","Poetic",215
817,"戦闘",False,True,False,False,"Spéciale","Spéciale","Spéciale",232
818,"戦闘",False,False,False,True,"Ultra","","",0
819,"戦闘",False,False,False,True,"Vivid","","",0
820,"戦闘",False,True,False,False,"Ambitious","Ambitious","Ambitious",275
821,"戦闘",False,True,False,False,"Hardie","Hardie","Hardie",307
822,"戦闘",False,True,False,False,"Kluger","Kluger","Kluger",317
823,"戦闘",False,True,False,False,"Sanfter","Sanfter","Sanfter",336
824,"戦闘",False,False,False,True,"Sanftes","","",0
825,"戦闘",False,False,False,True,"Sereine","","",0
826,"戦闘",False,True,False,False,"Treuer","Treuer","Treuer",352
827,"概念",False,False,False,True,"Treues","","",0
828,"戦闘",False,True,False,False,"Momiji","Momiji","Momiji",461
829,"戦闘",False,True,False,False,"Blood","Blood","Blood",492
830,"戦闘",False,True,False,False,"Condor","Condor","Condor",500
831,"戦闘",False,False,False,True,"Dragon","Dragon","Dragon",510
832,"戦闘",False,True,True,False,"Citadine","Citadine","Citadine",586
833,"戦闘",False,False,True,False,"Eclipse","","",0
834,"戦闘",False,False,True,False,"Feu","","",0
835,"戦闘",False,False,True,False,"Feuer","","",0
836,"戦闘",False,True,False,False,"Freeze","Freeze","Freeze",767
837,"戦闘",False,True,False,False,"Battle","Battle","Battle",809
838,"戦闘",False,True,False,False,"Défenseur","Défenseur","Défenseur",825
839,"戦闘",False,True,True,False,"Knife","Knife","Knife",837
840,"戦闘",False,True,False,True,"Shooter","Shooter","Shooter",855
841,"戦闘",False,True,False,False,"Lahme","Lahme","Lahme",913
842,"戦闘",False,False,False,True,"Esquire","","",0
843,"戦闘",True,True,True,True,"Marquis","Marquis","Marquis",1006
844,"戦闘",False,True,False,False,"Last","Last","Last",1066
845,"戦闘",False,False,True,False,"XII","","",0
846,"戦闘",False,True,False,False,"Valentine","Valentine","Valentine",1142
847,"競争",False,False,False,True,"Zetsuei","Zetsuei","Zetsuei",1146
848,"競争",False,False,False,True,"der Bruderschaft","","",0
849,"性質",False,True,False,False,"Flyer","Flyer","Flyer",1204
850,"性質",False,True,False,False,"Matsukaze","Matsukaze","Matsukaze",1228
851,"戦闘",True,False,False,True,"Shinden","Shinden","Shinden",1247
852,"戦闘",False,True,False,False,"Street","Street","Street",1289
853,"戦闘",False,False,False,True,"Ever","","",0
854,"戦闘",False,True,False,False,"Lully","Lully","Lully",1302
855,"戦闘",False,True,False,False,"Spriggan's","Spriggan's","Spriggan's",1308
856,"形容詞1",False,True,False,False,"Coerthan","Coerthan","Coerthan",1309
857,"戦闘",False,True,False,False,"Pullarian","Pullarian","Pullarian",1344
858,"戦闘",False,True,False,False,"Lerricomtwang","Lerricomtwang","Lerricomtwang",1375
859,"戦闘",False,True,False,False,"","","",1401
860,"性質",False,False,True,False,"Morningstar","","",0
861,"性質",False,False,True,False,"Theomeny","","",0
862,"性質",False,False,True,False,"Vicambulator","Vicambulator","Vicambulator",1409
863,"戦闘",False,True,True,False,"","","",1448
864,"戦闘",False,False,False,True,"","","",0
865,"戦闘",False,False,False,True,"Creeper","","",0
866,"戦闘",False,True,False,False,"Delight","Delight","Delight",1467
867,"戦闘",False,False,False,True,"","","",1508
868,"戦闘",False,False,False,True,"","","",0
869,"戦闘",False,False,False,True,"Form","","",0
870,"戦闘",False,False,False,True,"Below","","",0
871,"形容詞2",False,True,False,False,"Judgment","Judgment","Judgment",1546
872,"戦闘",False,True,False,False,"d'Éorzéa","d'Éorzéa","d'Éorzéa",1555
873,"戦闘",False,True,False,False,"de Sombrelinceul","de Sombrelinceul","de Sombrelinceul",1558
874,"形容詞1",False,True,False,True,"Blauer","Blauer","Blauer",13
875,"動物",False,False,False,True,"Bleue","","",0
876,"",False,False,False,False,"","","",0
877,"競争",False,False,False,True,"Red","","",0
878,"競争",False,False,False,True,"Velvet","Velvet","Velvet",150
879,"競争",False,True,False,False,"Raging","Raging","Raging",222
880,"競争",False,False,False,True,"Rich","Rich","Rich",223
881,"競争",False,False,False,True,"Rising","","",0
882,"競争",False,True,True,True,"Robuste","Robuste","Robuste",225
883,"競争",False,False,False,True,"Calme","","",0
884,"競争",False,False,False,True,"Candid","","",0
885,"競争",False,True,False,False,"Groove","Groove","Groove",305
886,"競争",False,False,False,True,"Silent","","",0
887,"競争",False,True,False,False,"Dream","","Dream",0
888,"競争",False,True,True,False,"Mimosa","Mimosa","Mimosa",460
889,"形容詞1",False,True,False,False,"Rose","Rose","Rose",476
890,"容姿",False,True,False,False,"Tournesol","Tournesol","Tournesol",479
891,"形容詞1",False,True,False,False,"Eagle","Eagle","Eagle",512
892,"競争",False,True,False,False,"Eye","Eye","Eye",515
893,"競争",False,False,True,False,"Face","Face","Face",516
894,"競争",False,False,True,False,"Feather","","",0
895,"競争",False,False,True,False,"Feder","","",0
896,"形容詞1",False,True,False,False,"Hatchling","Hatchling","Hatchling",526
897,"競争",False,False,False,True,"Schnabel","Schnabel","Schnabel",562
898,"競争",False,False,False,True,"Schweif","","",0
899,"競争",False,True,False,False,"Steed","Steed","Steed",568
900,"競争",False,True,False,True,"Stute","Stute","Stute",569
901,"競争",False,False,False,True,"Sumpter","","",0
902,"競争",False,False,False,True,"Talon","","",0
903,"競争",False,False,False,True,"Trotter","","",0
904,"競争",False,False,False,True,"Himmel","Himmel","Himmel",602
905,"競争",False,False,True,False,"Jupiter","","",0
906,"競争",False,True,False,False,"Lunar","Lunar","Lunar",607
907,"競争",False,True,False,False,"Mars","Mars","Mars",609
908,"称号",False,False,True,False,"Gale","Gale","Gale",686
909,"競争",True,False,False,False,"Rain","","",0
910,"形容詞2",False,True,False,True,"Vent","Vent","Vent",742
911,"競争",False,True,False,True,"Glace","Glace","Glace",770
912,"形容詞1",False,True,False,False,"Rutilant","Rutilant","Rutilant",786
913,"競争",False,False,True,False,"Dagger","","",0
914,"競争",False,False,True,False,"Decurion","Decurion","Decurion",823
915,"競争",False,False,True,False,"Décurion","","",0
916,"形容詞1",False,True,False,False,"Geschoss","Geschoss","Geschoss",833
917,"形容詞1",False,False,False,True,"Private","","",0
918,"競争",False,True,False,False,"Haoh","","Haoh",0
919,"形容詞1",False,True,False,False,"","","",1005
920,"競争",False,True,False,False,"Max","","Max",0
921,"競争",False,True,False,False,"One","One","One",1085
922,"競争",False,True,False,False,"Nemesis","Nemesis","Nemesis",1126
923,"競争",False,True,False,False,"Némésis","Némésis","Némésis",1127
924,"形容詞1",False,False,False,True,"","","",0
925,"形容詞1",False,True,False,False,"Ixali","Ixali","Ixali",1163
926,"競争",False,False,False,True,"Amatsukaze","","",0
927,"競争",False,True,False,False,"Melodie","Melodie","Melodie",1229
928,"競争",False,False,False,True,"Whorl","","",0
929,"競争",False,False,False,True,"Z","","",0
930,"競争",False,False,True,False,"Akh","","",0
931,"競争",False,True,False,False,"","","",1348
932,"競争",False,True,False,False,"Bucking","Bucking","Bucking",1349
933,"競争",False,False,True,True,"Fifty","Fifty","Fifty",1357
934,"形容詞1",False,True,False,False,"","","",1400
935,"競争",False,False,True,False,"Trees","","",0
936,"競争",False,True,False,True,"Doorstep","Doorstep","Doorstep",1468
937,"競争",False,True,True,True,"Morn","Morn","Morn",1474
938,"競争",False,False,False,True,"Temptation","","",0
939,"競争",False,False,False,True,"Hell","Hell","Hell",1529
940,"競争",False,True,False,False,"On","On","On",1530
941,"競争",False,True,False,False,"Pride","Pride","Pride",1531
942,"競争",False,True,False,False,"Amélie","Amélie","Amélie",1552
943,"競争",False,True,False,False,"Unhappy","Unhappy","Unhappy",1588
944,"形容詞1",False,True,False,False,"Gardyloo","Gardyloo","Gardyloo",1589
945,"称号",False,False,False,True,"Cérulée","","",0
946,"称号",False,False,False,True,"Ocrée","","",0
947,"称号",False,True,True,True,"Violette","Violette","Violette",91
948,"称号",False,True,False,False,"Weiße","","Weiße",0
949,"称号",False,False,False,True,"Weißer","","",0
950,"称号",False,True,False,False,"Bonne","Bonne","Bonne",160
951,"称号",False,False,False,True,"Wicked","","",0
952,"称号",False,False,False,True,"Wonder","","",0
953,"称号",False,False,False,True,"Ardent","","",0
954,"称号",False,False,False,True,"Ardente","","",0
955,"称号",False,True,False,False,"Braves","Braves","Braves",286
956,"称号",False,True,False,False,"Brilliant","","Brilliant",0
957,"称号",False,True,False,False,"Candide","Candide","Candide",290
958,"称号",False,False,True,True,"Kluges","","",0
959,"称号",False,False,False,True,"Sombre","","",0
960,"",False,False,False,False,"","","",0
961,"称号",False,False,False,True,"Ewiger","","",0
962,"称号",False,True,False,False,"Ewiges","","Ewiges",0
963,"称号",False,False,False,True,"Fairy","","",0
964,"称号",False,True,False,False,"Farfadet","Farfadet","Farfadet",390
965,"称号",False,False,False,True,"Bleuet","","",0
966,"称号",False,True,False,False,"Camelia","","Camelia",0
967,"称号",False,True,False,False,"Cannelle","Cannelle","Cannelle",434
968,"称号",False,True,False,False,"Flore","Flore","Flore",443
969,"",False,False,False,False,"","","",0
970,"称号",False,True,False,False,"Pegasus","Pegasus","Pegasus",545
971,"性質",False,False,False,True,"Trotteur","","",0
972,"称号",False,True,False,False,"Gekko","Gekko","Gekko",600
973,"",False,False,False,False,"","","",0
974,"形容詞1",False,False,False,True,"Nova","","",0
975,"性質",False,True,False,False,"Occidental","Occidental","Occidental",625
976,"形容詞1",False,False,False,True,"Solar","Solar","Solar",638
977,"称号",True,False,False,False,"West","","",0
978,"称号",False,False,True,False,"Cloud","","",0
979,"称号",False,False,True,False,"Cyclone","","",0
980,"称号",False,False,False,True,"Frost","","",0
981,"称号",False,False,False,True,"Frosty","","",0
982,"称号",False,True,False,False,"Fulgurante","Fulgurante","Fulgurante",684
983,"称号",False,True,False,False,"Fuyu","Fuyu","Fuyu",685
984,"称号",False,False,True,False,"Gloom","","",0
985,"称号",False,True,False,False,"Regenbogen","Regenbogen","Regenbogen",719
986,"称号",False,False,False,True,"Snowy","","",0
987,"形容詞2",False,True,False,False,"Spring","","Spring",0
988,"形容詞2",False,False,False,True,"Storm","","",0
989,"形容詞2",False,False,False,True,"Sturm","","",0
990,"形容詞1",False,False,False,True,"Icy","","",0
991,"称号",False,True,True,False,"Vortex","Vortex","Vortex",794
992,"称号",False,False,True,False,"Ace","","",0
993,"称号",False,True,False,False,"Archer","Archer","Archer",799
994,"称号",False,True,True,False,"Crusader","Crusader","Crusader",821
995,"称号",False,True,True,False,"Agile","","Agile",0
996,"称号",False,False,False,True,"Express","","",0
997,"称号",False,False,True,True,"Feathered","","",0
998,"称号",False,True,True,False,"Flinker","Flinker","Flinker",894
999,"",False,False,False,False,"","","",0
1000,"称号",False,False,False,True,"Gagnant","","",0
1001,"称号",False,False,False,True,"Gagnante","","",0
1002,"称号",False,False,False,True,"Galloper","","",0
1003,"称号",False,True,False,False,"Galop","Galop","Galop",900
1004,"称号",False,True,True,False,"Galopeuse","Galopeuse","Galopeuse",903
1005,"",False,False,False,False,"","","",0
1006,"称号",False,True,True,True,"Invincible","Invincible","Invincible",910
1007,"称号",False,True,True,True,"Jet","","Jet",0
1008,"称号",False,True,False,False,"Motion","Motion","Motion",918
1009,"称号",False,False,False,True,"Sprinter","","Sprinter",0
1010,"称号",False,True,True,True,"Dame","Dame","Dame",958
1011,"称号",False,True,False,False,"Demoiselle","Demoiselle","Demoiselle",959
1012,"称号",False,False,False,True,"Empress","","",0
1013,"形容詞2",False,True,False,True,"Master","Master","Master",1008
1014,"",False,False,False,False,"","","",0
1015,"",False,False,False,False,"","","",0
1016,"",False,False,False,False,"","","",0
1017,"",False,False,False,False,"","","",0
1018,"称号",False,True,True,True,"Letzte","Letzte","Letzte",1070
1019,"称号",False,True,False,False,"Longue","Longue","Longue",1074
1020,"称号",False,True,False,True,"Petit","Petit","Petit",1086
1021,"称号",False,False,True,False,"Zéro","Zéro","Zéro",1103
1022,"称号",False,True,False,True,"Senden","Senden","Senden",1135
1023,"称号",False,True,False,False,"Shinpu","Shinpu","Shinpu",1137
1024,"称号",False,False,False,True,"Sui","","",0
1025,"称号",False,False,True,False,"Tekiro","","",0
1026,"称号",False,False,True,False,"Tristan","","",0
1027,"称号",False,True,False,False,"Ishgarder","Ishgarder","Ishgarder",1161
1028,"称号",False,False,False,True,"Cieldalaes","","",0
1029,"形容詞2",False,False,False,True,"Danseuse","","",0
1030,"称号",False,False,False,True,"Gourmand","Gourmand","Gourmand",1207
1031,"形容詞2",False,True,True,True,"","","",1222
1032,"形容詞2",False,False,False,True,"Le","","",0
1033,"称号",False,True,False,True,"Ramage","Ramage","Ramage",1239
1034,"称号",False,False,True,False,"White","White","White",1265
1035,"称号",False,True,False,False,"Silly","Silly","Silly",1271
1036,"称号",False,False,False,True,"Trail","","",0
1037,"称号",False,False,True,False,"","","",0
1038,"称号",False,True,True,True,"Jabberwocky","Jabberwocky","Jabberwocky",1386
1039,"称号",False,True,True,False,"Drumstick","Drumstick","Drumstick",1387
1040,"称号",False,True,False,False,"Cove","","Cove",0
1041,"称号",False,True,False,False,"Scared","Scared","Scared",1482
1042,"称号",False,False,True,False,"Buttertalons","Buttertalons","Buttertalons",1607
1043,"その他",False,True,True,True,"Cerulean","Cerulean","Cerulean",26
1044,"形容詞1",False,True,False,False,"Electrum","","",0
1045,"形容詞1",False,False,False,True,"Chanceux","","",0
1046,"形容詞1",False,False,False,True,"Daring","","",0
1047,"形容詞2",False,True,False,False,"Serein","Serein","Serein",338
1048,"形容詞2",False,False,False,True,"","","",0
1049,"形容詞2",False,True,False,True,"Camail","Camail","Camail",496
1050,"容姿",False,True,False,False,"Flood","Flood","Flood",596
1051,"形容詞1",False,False,False,True,"Septentrionale","","",0
1052,"数量",False,False,True,False,"Southern","","",0
1053,"数量",False,False,True,False,"Star","","",0
1054,"数量",False,True,True,True,"Printemps","Printemps","Printemps",713
1055,"数量",False,True,True,True,"Samidare","Samidare","Samidare",720
1056,"数量",False,True,True,True,"Sandstorm","Sandstorm","Sandstorm",721
1057,"数量",False,True,False,False,"Tourbillon","Tourbillon","Tourbillon",739
1058,"数量",False,True,True,True,"Zephyr","","Zephyr",0
1059,"数量",False,True,True,True,"Blaze","","Blaze",0
1060,"容姿",False,False,True,False,"Rutilante","","",0
1061,"容姿",False,False,True,False,"Shadow","Shadow","Shadow",788
1062,"容姿",False,False,True,False,"Shining","","",0
1063,"容姿",False,False,True,False,"Attaquante","","",0
1064,"容姿",False,False,True,False,"Audace","Audace","Audace",804
1065,"容姿",False,False,True,False,"Avenger","Avenger","Avenger",805
1066,"形容詞2",False,True,False,False,"Destruction","Destruction","Destruction",827
1067,"容姿",False,False,True,False,"Monstre","","",0
1068,"容姿",False,False,True,False,"Ninja","","",0
1069,"容姿",False,False,True,False,"Outlaw","","",0
1070,"数量",False,False,True,False,"Puissant","Puissant","Puissant",847
1071,"数量",False,False,True,False,"Puissante","","",0
1072,"数量",False,False,True,False,"Robust","","",0
1073,"形容詞1",False,True,False,True,"Vorpal","Vorpal","Vorpal",871
1074,"形容詞1",False,False,False,True,"War","","",0
1075,"形容詞2",False,True,False,False,"Power","Power","Power",922
1076,"数量",False,False,False,True,"Prancer","","",0
1077,"数量",False,False,False,True,"Preste","","",0
1078,"数量",False,False,False,True,"Boy","","",0
1079,"数量",False,True,True,False,"Chéri","Chéri","Chéri",951
1080,"数量",False,True,True,True,"Chérie","Chérie","Chérie",952
1081,"容姿",False,True,False,False,"Majesty","","Majesty",0
1082,"形容詞1",False,False,True,False,"Sultan","Sultan","Sultan",1038
1083,"形容詞1",False,False,True,False,"Sultana","","",0
1084,"その他",False,True,True,False,"Wuschel","Wuschel","Wuschel",1042
1085,"数量",False,True,False,False,"Big","Big","Big",1044
1086,"形容詞1",False,True,False,True,"VII","VII","VII",1094
1087,"形容詞1",False,False,False,True,"VIII","","",0
1088,"数量",False,False,False,True,"Ishgardaise","","",0
1089,"数量",False,True,False,False,"Blatherskite","Blatherskite","Blatherskite",1418
1090,"数量",False,True,True,True,"Playfellow","Playfellow","Playfellow",1507
1091,"数量",False,True,True,True,"Time","","Time",0
1092,"形容詞1",False,False,False,True,"Left","","",0
1093,"形容詞1",False,False,False,True,"Divinity","","",0
1094,"数量",False,True,True,True,"Pie","Pie","Pie",1536
1095,"数量",False,True,True,True,"Nugget","","Nugget",0
1096,"数量",False,True,True,True,"Wigs","Wigs","Wigs",1608
1097,"数量",False,True,True,True,"Palms","Palms","Palms",1611
1098,"数量",False,True,True,True,"Ward","Ward","Ward",1612
1099,"数量",False,True,True,True,"Aflame","Aflame","Aflame",1613
1100,"数量",False,True,True,True,"Jetbird","Jetbird","Jetbird",1614
1101,"容姿",False,True,False,False,"Who","Who","Who",1618
1102,"数量",False,True,False,False,"Soup","Soup","Soup",1624
1103,"数量",False,False,False,True,"Lied","","",0
1104,"数量",False,True,False,False,"Helidor","Helidor","Helidor",1627
1105,"固有名詞",True,False,False,False,"Orange","","",0
1106,"固有名詞",False,True,False,False,"Élancé","Élancé","Élancé",169
1107,"固有名詞",False,True,False,False,"Geöltes","Geöltes","Geöltes",182
1108,"固有名詞",False,False,False,True,"Pures","","",0
1109,"固有名詞",False,True,True,False,"Vorwitziger","Vorwitziger","Vorwitziger",360
1110,"固有名詞",False,False,False,True,"Vorwitziges","","",0
1111,"固有名詞",False,False,True,False,"Wild","","",0
1112,"固有名詞",True,False,False,False,"Lune","","",0
1113,"固有名詞",False,False,True,False,"Meteor","Meteor","Meteor",614
1114,"固有名詞",False,True,False,False,"Fubuki","Fubuki","Fubuki",682
1115,"固有名詞",False,True,True,False,"Ouragan","Ouragan","Ouragan",711
1116,"固有名詞",False,False,False,True,"Pluie","","",0
1117,"固有名詞",True,False,False,False,"Shiranui","","",0
1118,"固有名詞",True,False,False,False,"Braise","","",0
1119,"称号",False,True,False,False,"Crackling","Crackling","Crackling",757
1120,"固有名詞",True,False,False,False,"Capitaine","","",0
1121,"",False,False,False,False,"","","",0
1122,"固有名詞",False,False,True,False,"Crown","Crown","Crown",885
1123,"固有名詞",True,False,False,False,"Nimble","","",0
1124,"固有名詞",True,False,False,False,"Héritier","","",0
1125,"称号",False,True,False,False,"King","King","King",993
1126,"固有名詞",False,True,True,False,"Lord","Lord","Lord",995
1127,"固有名詞",False,False,False,True,"Madame","","",0
1128,"固有名詞",False,False,False,True,"Sage","","",0
1129,"固有名詞",False,False,False,True,"Traveler","","",0
1130,"",False,False,False,False,"","","",0
1131,"固有名詞",False,True,False,False,"Hayate","Hayate","Hayate",1210
1132,"称号",False,True,False,False,"Koloss","Koloss","Koloss",1218
1133,"固有名詞",True,False,False,False,"Faith","","",0
1134,"称号",False,True,False,False,"Quintessence","Quintessence","Quintessence",1280
1135,"固有名詞",True,False,False,False,"Legendary","","",0
1136,"固有名詞",True,False,False,False,"Cozened","","",0
1137,"固有名詞",True,False,False,False,"Barmy","","",0
1138,"固有名詞",True,False,False,False,"","","",0
1139,"固有名詞",True,False,False,False,"Dynamo","","",0
1140,"固有名詞",True,False,False,False,"Whither","","",0
1141,"称号",False,True,False,False,"Buzzer","Buzzer","Buzzer",1465
1142,"固有名詞",False,True,False,True,"","","",0
1143,"固有名詞",False,True,False,False,"Locket","Locket","Locket",1609
1144,"固有名詞",True,False,False,False,"Use","","",0
1145,"称号",False,True,False,True,"Tom","Tom","Tom",1623
1146,"固有名詞",True,False,False,False,"Hawk","","",0
1147,"エオルゼア",False,False,True,False,"Stürmische","","",0
1148,"エオルゼア",False,False,True,False,"Stürmischer","","",0
1149,"エオルゼア",False,False,True,False,"Stürmisches","","",0
1150,"エオルゼア",False,False,True,False,"Touched","","",0
1151,"エオルゼア",False,True,False,False,"Ebony","Ebony","Ebony",439
1152,"エオルゼア",False,True,False,False,"Vulture","Vulture","Vulture",578
1153,"エオルゼア",False,True,False,False,"Pluto","Pluto","Pluto",629
1154,"エオルゼア",False,False,False,True,"Pluton","","",0
1155,"エオルゼア",False,False,False,True,"Quasar","","",0
1156,"エオルゼア",False,False,True,False,"Road","","",0
1157,"エオルゼア",False,False,True,False,"Saturn","Saturn","Saturn",633
1158,"エオルゼア",False,False,True,False,"Saturne","","",0
1159,"エオルゼア",False,False,False,True,"Winter","","Winter",0
1160,"エオルゼア",False,False,False,True,"Wirbelwind","Wirbelwind","Wirbelwind",747
1161,"エオルゼア",False,False,True,False,"Wolke","","",0
1162,"エオルゼア",False,True,False,False,"Yukikaze","Yukikaze","Yukikaze",749
1163,"エオルゼア",False,True,False,False,"Blazing","Blazing","Blazing",753
1164,"エオルゼア",False,False,False,True,"Tapferes","","",0
1165,"エオルゼア",False,False,False,True,"Torpedo","","",0
1166,"エオルゼア",False,False,True,False,"Torpille","Torpille","Torpille",864
1167,"エオルゼア",False,True,False,False,"Vengeuse","Vengeuse","Vengeuse",870
1168,"エオルゼア",False,False,False,True,"Artiste","","",0
1169,"エオルゼア",False,False,False,True,"Baron","","",0
1170,"エオルゼア",False,False,True,False,"Tavern","","",0
1171,"エオルゼア",False,True,False,False,"Knuckle","Knuckle","Knuckle",1423
1172,"エオルゼア",False,True,False,False,"Matron","Matron","Matron",1484
1173,"エオルゼア",False,False,True,False,"Said","","",0
1174,"エオルゼア",False,False,False,True,"Pit","","",0
1175,"エオルゼア",False,False,False,True,"Stunts","","",0
1176,"その他",True,False,False,False,"Claybank","","",0
1177,"その他",False,False,False,True,"Vermeille","","",0
1178,"その他",False,True,False,True,"Émeraude","Émeraude","Émeraude",120
1179,"動物",False,True,False,False,"Stone","Stone","Stone",147
1180,"その他",False,True,True,True,"Wootz","Wootz","Wootz",152
1181,"その他",False,False,False,True,"Helle","","",0
1182,"その他",False,True,True,True,"Optimale","Optimale","Optimale",211
1183,"競争",False,True,False,False,"Parfaite","Parfaite","Parfaite",213
1184,"競争",False,True,False,True,"Super","Super","Super",233
1185,"その他",False,False,False,True,"Beauté","Beauté","Beauté",246
1186,"エオルゼア",False,True,False,True,"Bel","Bel","Bel",249
1187,"競争",False,True,False,False,"Elegante","Elegante","Elegante",262
1188,"その他",False,False,False,True,"Élégante","","",0
1189,"その他",False,True,False,False,"Fière","Fière","Fière",297
1190,"その他",False,True,False,False,"Humble","Humble","Humble",308
1191,"その他",False,True,False,False,"Melancholy","Melancholy","Melancholy",319
1192,"称号",False,True,False,False,"Merciless","Merciless","Merciless",320
1193,"形容詞1",False,True,False,False,"Merry","Merry","Merry",321
1194,"その他",False,False,False,True,"Patient","","",0
1195,"その他",False,False,False,True,"Patiente","","",0
1196,"称号",False,True,False,False,"Engel","Engel","Engel",379
1197,"形容詞1",False,True,False,False,"Eternal","","Eternal",0
1198,"",False,False,False,False,"","","",0
1199,"その他",False,True,False,False,"Aoba","Aoba","Aoba",428
1200,"性質",False,False,False,True,"Pensée","Pensée","Pensée",472
1201,"性質",False,False,False,True,"Piment","","",0
1202,"",False,False,False,False,"","","",0
1203,"その他",False,False,True,False,"Flaum","","",0
1204,"競争",False,True,False,False,"Goose","Goose","Goose",525
1205,"その他",False,False,True,False,"Patte","Patte","Patte",543
1206,"その他",False,True,True,True,"Robin","Robin","Robin",560
1207,"性質",False,False,False,True,"Nebula","","",0
1208,"性質",False,False,False,True,"Nebulous","","",0
1209,"エオルゼア",False,True,False,True,"Véga","Véga","Véga",653
1210,"その他",True,False,False,False,"Blizzard","","",0
1211,"その他",True,False,False,False,"Gust","","",0
1212,"その他",True,False,False,False,"Haru","","",0
1213,"その他",True,False,False,False,"Lightning","","",0
1214,"形容詞1",False,True,False,False,"Murasame","Murasame","Murasame",700
1215,"その他",True,False,False,False,"Rafale","","",0
1216,"",False,False,False,False,"","","",0
1217,"その他",True,False,False,False,"Impact","","",0
1218,"その他",False,False,True,False,"Brave","","",0
1219,"その他",False,False,True,False,"Charger","Charger","Charger",817
1220,"その他",False,True,False,False,"Chasseuse","","",0
1221,"その他",False,False,False,True,"Commander","","",0
1222,"",False,False,False,False,"","","",0
1223,"その他",False,False,False,True,"Flèche","","",0
1224,"その他",False,False,False,True,"Samurai","","",0
1225,"その他",False,True,False,False,"Trêve","Trêve","Trêve",865
1226,"その他",False,False,False,True,"Drafter","","",0
1227,"その他",False,False,False,True,"Lahmer","","",0
1228,"その他",True,False,False,False,"Pelter","","",0
1229,"概念",False,False,True,False,"Sautante","","",0
1230,"その他",False,False,False,True,"Sieger","Sieger","Sieger",930
1231,"その他",False,True,False,False,"Speed","Speed","Speed",931
1232,"その他",False,False,False,True,"Duke","","",0
1233,"その他",False,False,False,True,"Galopin","","",0
1234,"性質",False,False,False,True,"Ten","","",0
1235,"その他",False,True,False,True,"Ikezuki","Ikezuki","Ikezuki",1117
1236,"",False,False,False,False,"","","",0
1237,"その他",False,False,False,True,"Gridanienne","","",0
1238,"",False,False,False,False,"","","",0
1239,"動物",False,False,False,True,"Uldienne","","",0
1240,"称号",False,True,False,False,"Balzane","Balzane","Balzane",1177
1241,"その他",True,False,False,False,"Clochette","","",0
1242,"その他",False,True,False,False,"Dancer","Dancer","Dancer",1192
1243,"競争",False,True,False,False,"Farceuse","Farceuse","Farceuse",1201
1244,"その他",False,True,False,False,"Point","Point","Point",1235
1245,"形容詞1",False,False,True,False,"Vorace","Vorace","Vorace",1255
1246,"エオルゼア",False,True,True,True,"","","",1297
1247,"その他",True,False,False,False,"Darkman's","","",0
1248,"気象",False,False,False,True,"Clever","","",0
1249,"その他",False,True,False,False,"Sacrilicious","Sacrilicious","Sacrilicious",1398
1250,"性質",False,True,False,False,"Hydrargyrum","Hydrargyrum","Hydrargyrum",1413
1251,"その他",False,True,False,True,"Fail","Fail","Fail",1433
1252,"その他",False,False,False,True,"Oyster","Oyster","Oyster",1459
1253,"競争",False,False,False,True,"Beast","","",0
1254,"エオルゼア",False,True,False,False,"Steel","Steel","Steel",1479
1255,"形容詞1",False,False,False,True,"Puddings","","",0
1256,"その他",False,True,False,False,"Epona","","",0
1257,"その他",False,True,False,False,"Caprice","Caprice","Caprice",1571
1258,"その他",False,True,False,False,"Arabesque","Arabesque","Arabesque",1575
1259,"その他",False,True,True,True,"Witty","Witty","Witty",1620
1260,"天文地理",False,True,False,False,"Immortal","Immortal","Immortal",402
1261,"天文地理",False,True,False,False,"","","",1016
1262,"天文地理",False,True,False,False,"Too","Too","Too",1340
1263,"性質",False,True,False,False,"Goldener","Goldener","Goldener",42
1264,"性質",False,True,False,False,"Verve","Verve","Verve",356
1265,"色",False,True,False,False,"Bride d'","Bride d'","Bride d'",1572
1266,"その他",False,True,False,False,"Bard","Bard","Bard",1424
1267,"固有名詞",False,False,False,True,"Fulgurant","","",0
1268,"固有名詞",False,False,False,True,"Wandering","","",0
1269,"",False,False,False,False,"","","",0
1270,"",False,False,False,False,"","","",0
1271,"",False,False,False,False,"","","",0
1272,"",False,False,False,False,"","","",0
1273,"",False,False,False,False,"","","",0
1274,"",False,False,False,False,"","","",0
1275,"",False,False,False,False,"","","",0
1276,"",False,False,False,False,"","","",0
1277,"",False,False,False,False,"","","",0
1278,"",False,False,False,False,"","","",0
1279,"",False,False,False,False,"","","",0
1280,"",False,False,False,False,"","","",0
1281,"",False,False,False,False,"","","",0
1282,"",False,False,False,False,"","","",0
1283,"",False,False,False,False,"","","",0
1284,"",False,False,False,False,"","","",0
1285,"",False,False,False,False,"","","",0
1286,"",False,False,False,False,"","","",0
1287,"",False,False,False,False,"","","",0
1288,"",False,False,False,False,"","","",0
1289,"",False,False,False,False,"","","",0
1290,"",False,False,False,False,"","","",0
1291,"",False,False,False,False,"","","",0
1292,"",False,False,False,False,"","","",0
1293,"",False,False,False,False,"","","",0
1294,"",False,False,False,False,"","","",0
1295,"",False,False,False,False,"","","",0
1296,"",False,False,False,False,"","","",0
1297,"",False,False,False,False,"","","",0
1298,"",False,False,False,False,"","","",0
1299,"",False,False,False,False,"","","",0
1300,"",False,False,False,False,"","","",0
1301,"",False,False,False,False,"","","",0
1302,"",False,False,False,False,"","","",0
1303,"",False,False,False,False,"","","",0
1304,"",False,False,False,False,"","","",0
1305,"",False,False,False,False,"","","",0
1306,"",False,False,False,False,"","","",0
1307,"",False,False,False,False,"","","",0
1308,"",False,False,False,False,"","","",0
1309,"",False,False,False,False,"","","",0
1310,"",False,False,False,False,"","","",0
1311,"",False,False,False,False,"","","",0
1312,"",False,False,False,False,"","","",0
1313,"",False,False,False,False,"","","",0
1314,"",False,False,False,False,"","","",0
1315,"",False,False,False,False,"","","",0
1316,"",False,False,False,False,"","","",0
1317,"",False,False,False,False,"","","",0
1318,"",False,False,False,False,"","","",0
1319,"",False,False,False,False,"","","",0
1320,"",False,False,False,False,"","","",0
1321,"",False,False,False,False,"","","",0
1322,"",False,False,False,False,"","","",0
1323,"",False,False,False,False,"","","",0
1324,"",False,False,False,False,"","","",0
1325,"",False,False,False,False,"","","",0
1326,"",False,False,False,False,"","","",0
1327,"",False,False,False,False,"","","",0
1328,"",False,False,False,False,"","","",0
1329,"",False,False,False,False,"","","",0
1330,"",False,False,False,False,"","","",0
1331,"",False,False,False,False,"","","",0
1332,"",False,False,False,False,"","","",0
1333,"",False,False,False,False,"","","",0
1334,"",False,False,False,False,"","","",0
1335,"",False,False,False,False,"","","",0
1336,"",False,False,False,False,"","","",0
1337,"",False,False,False,False,"","","",0
1338,"",False,False,False,False,"","","",0
1339,"",False,False,False,False,"","","",0
1340,"",False,False,False,False,"","","",0
1341,"",False,False,False,False,"","","",0
1342,"",False,False,False,False,"","","",0
1343,"",False,False,False,False,"","","",0
1344,"",False,False,False,False,"","","",0
1345,"",False,False,False,False,"","","",0
1346,"",False,False,False,False,"","","",0
1347,"",False,False,False,False,"","","",0
1348,"",False,False,False,False,"","","",0
1349,"",False,False,False,False,"","","",0
1350,"",False,False,False,False,"","","",0
1351,"",False,False,False,False,"","","",0
1352,"",False,False,False,False,"","","",0
1353,"",False,False,False,False,"","","",0
1354,"",False,False,False,False,"","","",0
1355,"",False,False,False,False,"","","",0
1356,"",False,False,False,False,"","","",0
1357,"",False,False,False,False,"","","",0
1358,"",False,False,False,False,"","","",0
1359,"",False,False,False,False,"","","",0
1360,"",False,False,False,False,"","","",0
1361,"",False,False,False,False,"","","",0
1362,"",False,False,False,False,"","","",0
1363,"",False,False,False,False,"","","",0
1364,"",False,False,False,False,"","","",0
1365,"",False,False,False,False,"","","",0
1366,"",False,False,False,False,"","","",0
1367,"",False,False,False,False,"","","",0
1368,"",False,False,False,False,"","","",0
1369,"",False,False,False,False,"","","",0
1370,"",False,False,False,False,"","","",0
1371,"",False,False,False,False,"","","",0
1372,"",False,False,False,False,"","","",0
1373,"",False,False,False,False,"","","",0
1374,"",False,False,False,False,"","","",0
1375,"",False,False,False,False,"","","",0
1376,"",False,False,False,False,"","","",0
1377,"",False,False,False,False,"","","",0
1378,"",False,False,False,False,"","","",0
1379,"",False,False,False,False,"","","",0
1380,"",False,False,False,False,"","","",0
1381,"",False,False,False,False,"","","",0
1382,"",False,False,False,False,"","","",0
1383,"",False,False,False,False,"","","",0
1384,"",False,False,False,False,"","","",0
1385,"",False,False,False,False,"","","",0
1386,"",False,False,False,False,"","","",0
1387,"",False,False,False,False,"","","",0
1388,"",False,False,False,False,"","","",0
1389,"",False,False,False,False,"","","",0
1390,"",False,False,False,False,"","","",0
1391,"",False,False,False,False,"","","",0
1392,"",False,False,False,False,"","","",0
1393,"",False,False,False,False,"","","",0
1394,"",False,False,False,False,"","","",0
1395,"",False,False,False,False,"","","",0
1396,"",False,False,False,False,"","","",0
1397,"",False,False,False,False,"","","",0
1398,"",False,False,False,False,"","","",0
1399,"",False,False,False,False,"","","",0
1400,"",False,False,False,False,"","","",0
1401,"",False,False,False,False,"","","",0
1402,"",False,False,False,False,"","","",0
1403,"",False,False,False,False,"","","",0
1404,"",False,False,False,False,"","","",0
1405,"",False,False,False,False,"","","",0
1406,"",False,False,False,False,"","","",0
1407,"",False,False,False,False,"","","",0
1408,"",False,False,False,False,"","","",0
1409,"",False,False,False,False,"","","",0
1410,"",False,False,False,False,"","","",0
1411,"",False,False,False,False,"","","",0
1412,"",False,False,False,False,"","","",0
1413,"",False,False,False,False,"","","",0
1414,"",False,False,False,False,"","","",0
1415,"",False,False,False,False,"","","",0
1416,"",False,False,False,False,"","","",0
1417,"",False,False,False,False,"","","",0
1418,"",False,False,False,False,"","","",0
1419,"",False,False,False,False,"","","",0
1420,"",False,False,False,False,"","","",0
1421,"",False,False,False,False,"","","",0
1422,"",False,False,False,False,"","","",0
1423,"",False,False,False,False,"","","",0
1424,"",False,False,False,False,"","","",0
1425,"",False,False,False,False,"","","",0
1426,"",False,False,False,False,"","","",0
1427,"",False,False,False,False,"","","",0
1428,"",False,False,False,False,"","","",0
1429,"",False,False,False,False,"","","",0
1430,"",False,False,False,False,"","","",0
1431,"",False,False,False,False,"","","",0
1432,"",False,False,False,False,"","","",0
1433,"",False,False,False,False,"","","",0
1434,"",False,False,False,False,"","","",0
1435,"",False,False,False,False,"","","",0
1436,"",False,False,False,False,"","","",0
1437,"",False,False,False,False,"","","",0
1438,"",False,False,False,False,"","","",0
1439,"",False,False,False,False,"","","",0
1440,"",False,False,False,False,"","","",0
1441,"",False,False,False,False,"","","",0
1442,"",False,False,False,False,"","","",0
1443,"",False,False,False,False,"","","",0
1444,"",False,False,False,False,"","","",0
1445,"",False,False,False,False,"","","",0
1446,"",False,False,False,False,"","","",0
1447,"",False,False,False,False,"","","",0
1448,"",False,False,False,False,"","","",0
1449,"",False,False,False,False,"","","",0
1450,"",False,False,False,False,"","","",0
1451,"",False,False,False,False,"","","",0
1452,"",False,False,False,False,"","","",0
1453,"",False,False,False,False,"","","",0
1454,"",False,False,False,False,"","","",0
1455,"",False,False,False,False,"","","",0
1456,"",False,False,False,False,"","","",0
1457,"",False,False,False,False,"","","",0
1458,"",False,False,False,False,"","","",0
1459,"",False,False,False,False,"","","",0
1460,"",False,False,False,False,"","","",0
1461,"",False,False,False,False,"","","",0
1462,"",False,False,False,False,"","","",0
1463,"",False,False,False,False,"","","",0
1464,"",False,False,False,False,"","","",0
1465,"",False,False,False,False,"","","",0
1466,"",False,False,False,False,"","","",0
1467,"",False,False,False,False,"","","",0
1468,"",False,False,False,False,"","","",0
1469,"",False,False,False,False,"","","",0
1470,"",False,False,False,False,"","","",0
1471,"",False,False,False,False,"","","",0
1472,"",False,False,False,False,"","","",0
1473,"",False,False,False,False,"","","",0
1474,"",False,False,False,False,"","","",0
1475,"",False,False,False,False,"","","",0
1476,"",False,False,False,False,"","","",0
1477,"",False,False,False,False,"","","",0
1478,"",False,False,False,False,"","","",0
1479,"",False,False,False,False,"","","",0
1480,"",False,False,False,False,"","","",0
1481,"",False,False,False,False,"","","",0
1482,"",False,False,False,False,"","","",0
1483,"",False,False,False,False,"","","",0
1484,"",False,False,False,False,"","","",0
1485,"",False,False,False,False,"","","",0
1486,"",False,False,False,False,"","","",0
1487,"",False,False,False,False,"","","",0
1488,"",False,False,False,False,"","","",0
1489,"",False,False,False,False,"","","",0
1490,"",False,False,False,False,"","","",0
1491,"",False,False,False,False,"","","",0
1492,"",False,False,False,False,"","","",0
1493,"",False,False,False,False,"","","",0
1494,"",False,False,False,False,"","","",0
1495,"",False,False,False,False,"","","",0
1496,"",False,False,False,False,"","","",0
1497,"",False,False,False,False,"","","",0
1498,"",False,False,False,False,"","","",0
1499,"",False,False,False,False,"","","",0
1500,"",False,False,False,False,"","","",0
1501,"",False,False,False,False,"","","",0
1502,"",False,False,False,False,"","","",0
1503,"",False,False,False,False,"","","",0
1504,"",False,False,False,False,"","","",0
1505,"",False,False,False,False,"","","",0
1506,"",False,False,False,False,"","","",0
1507,"",False,False,False,False,"","","",0
1508,"",False,False,False,False,"","","",0
1509,"",False,False,False,False,"","","",0
1510,"",False,False,False,False,"","","",0
1511,"",False,False,False,False,"","","",0
1512,"",False,False,False,False,"","","",0
1513,"",False,False,False,False,"","","",0
1514,"",False,False,False,False,"","","",0
1515,"",False,False,False,False,"","","",0
1516,"",False,False,False,False,"","","",0
1517,"",False,False,False,False,"","","",0
1518,"",False,False,False,False,"","","",0
1519,"",False,False,False,False,"","","",0
1520,"",False,False,False,False,"","","",0
1521,"",False,False,False,False,"","","",0
1522,"",False,False,False,False,"","","",0
1523,"",False,False,False,False,"","","",0
1524,"",False,False,False,False,"","","",0
1525,"",False,False,False,False,"","","",0
1526,"",False,False,False,False,"","","",0
1527,"",False,False,False,False,"","","",0
1528,"",False,False,False,False,"","","",0
1529,"",False,False,False,False,"","","",0
1530,"",False,False,False,False,"","","",0
1531,"",False,False,False,False,"","","",0
1532,"",False,False,False,False,"","","",0
1533,"",False,False,False,False,"","","",0
1534,"",False,False,False,False,"","","",0
1535,"",False,False,False,False,"","","",0
1536,"",False,False,False,False,"","","",0
1537,"",False,False,False,False,"","","",0
1538,"",False,False,False,False,"","","",0
1539,"",False,False,False,False,"","","",0
1540,"",False,False,False,False,"","","",0
1541,"",False,False,False,False,"","","",0
1542,"",False,False,False,False,"","","",0
1543,"",False,False,False,False,"","","",0
1544,"",False,False,False,False,"","","",0
1545,"",False,False,False,False,"","","",0
1546,"",False,False,False,False,"","","",0
1547,"",False,False,False,False,"","","",0
1548,"",False,False,False,False,"","","",0
1549,"",False,False,False,False,"","","",0
1550,"",False,False,False,False,"","","",0
1551,"",False,False,False,False,"","","",0
1552,"",False,False,False,False,"","","",0
1553,"",False,False,False,False,"","","",0
1554,"",False,False,False,False,"","","",0
1555,"",False,False,False,False,"","","",0
1556,"",False,False,False,False,"","","",0
1557,"",False,False,False,False,"","","",0
1558,"",False,False,False,False,"","","",0
1559,"",False,False,False,False,"","","",0
1560,"",False,False,False,False,"","","",0
1561,"",False,False,False,False,"","","",0
1562,"",False,False,False,False,"","","",0
1563,"",False,False,False,False,"","","",0
1564,"",False,False,False,False,"","","",0
1565,"",False,False,False,False,"","","",0
1566,"",False,False,False,False,"","","",0
1567,"",False,False,False,False,"","","",0
1568,"",False,False,False,False,"","","",0
1569,"",False,False,False,False,"","","",0
1570,"",False,False,False,False,"","","",0
1571,"",False,False,False,False,"","","",0
1572,"",False,False,False,False,"","","",0
1573,"",False,False,False,False,"","","",0
1574,"",False,False,False,False,"","","",0
1575,"",False,False,False,False,"","","",0
1576,"",False,False,False,False,"","","",0
1577,"",False,False,False,False,"","","",0
1578,"",False,False,False,False,"","","",0
1579,"",False,False,False,False,"","","",0
1580,"",False,False,False,False,"","","",0
1581,"",False,False,False,False,"","","",0
1582,"",False,False,False,False,"","","",0
1583,"",False,False,False,False,"","","",0
1584,"",False,False,False,False,"","","",0
1585,"",False,False,False,False,"","","",0
1586,"",False,False,False,False,"","","",0
1587,"",False,False,False,False,"","","",0
1588,"",False,False,False,False,"","","",0
1589,"",False,False,False,False,"","","",0
1590,"",False,False,False,False,"","","",0
1591,"",False,False,False,False,"","","",0
1592,"",False,False,False,False,"","","",0
1593,"",False,False,False,False,"","","",0
1594,"",False,False,False,False,"","","",0
1595,"",False,False,False,False,"","","",0
1596,"",False,False,False,False,"","","",0
1597,"",False,False,False,False,"","","",0
1598,"",False,False,False,False,"","","",0
1599,"",False,False,False,False,"","","",0
1600,"",False,False,False,False,"","","",0
1601,"",False,False,False,False,"","","",0
1602,"",False,False,False,False,"","","",0
1603,"",False,False,False,False,"","","",0
1604,"",False,False,False,False,"","","",0
1605,"",False,False,False,False,"","","",0
1606,"",False,False,False,False,"","","",0
1607,"",False,False,False,False,"","","",0
1608,"",False,False,False,False,"","","",0
1609,"",False,False,False,False,"","","",0
1610,"",False,False,False,False,"","","",0
1611,"",False,False,False,False,"","","",0
1612,"",False,False,False,False,"","","",0
1613,"",False,False,False,False,"","","",0
1614,"",False,False,False,False,"","","",0
1615,"",False,False,False,False,"","","",0
1616,"",False,False,False,False,"","","",0
1617,"",False,False,False,False,"","","",0
1618,"",False,False,False,False,"","","",0
1619,"",False,False,False,False,"","","",0
1620,"",False,False,False,False,"","","",0
1621,"",False,False,False,False,"","","",0
1622,"",False,False,False,False,"","","",0
1623,"",False,False,False,False,"","","",0
1624,"",False,False,False,False,"","","",0
1625,"",False,False,False,False,"","","",0
1626,"",False,False,False,False,"","","",0
1627,"固有名詞",False,False,True,False,"Dark","","",0
1628,"色",False,True,False,False,"Wonderful","Wonderful","Wonderful",243
1629,"性質",False,True,False,False,"Unicorn","Unicorn","Unicorn",575
1630,"植物",False,True,False,False,"","","",0
1631,"性質",False,True,False,False,"Sea","Sea","Sea",635
1632,"",False,False,False,False,"Ménestrel","Ménestrel","Ménestrel",1009
1633,"",False,False,False,False,"","","",0
1634,"",False,False,False,False,"","","",0
1635,"",False,False,False,False,"","","",0
1636,"",False,False,False,False,"","","",0
1637,"",False,False,False,False,"","","",0
1638,"",False,False,False,False,"","","",0
1639,"",False,False,False,False,"","","",0
1640,"",False,False,False,False,"","","",0
1641,"",False,False,False,False,"","","",0
1642,"",False,False,False,False,"","","",0
1643,"",False,False,False,False,"","","",0
1644,"",False,False,False,False,"","","",0
1645,"",False,False,False,False,"","","",0
1646,"",False,False,False,False,"","","",0
1647,"",False,False,False,False,"","","",0
1648,"",False,False,False,False,"","","",0
1649,"",False,False,False,False,"","","",0
1650,"",False,False,False,False,"","","",0
1651,"",False,False,False,False,"","","",0
1652,"",False,False,False,False,"","","",0
1653,"",False,False,False,False,"","","",0
1654,"",False,False,False,False,"","","",0
1655,"",False,False,False,False,"","","",0
1656,"",False,False,False,False,"","","",0
1657,"",False,False,False,False,"","","",0
1658,"",False,False,False,False,"","","",0
1659,"",False,False,False,False,"","","",0
1660,"",False,False,False,False,"","","",0
1661,"",False,False,False,False,"","","",0
1662,"",False,False,False,False,"","","",0
1663,"",False,False,False,False,"","","",0
1664,"",False,False,False,False,"","","",0
1665,"",False,False,False,False,"","","",0
1666,"",False,False,False,False,"","","",0
1667,"",False,False,False,False,"","","",0
1668,"",False,False,False,False,"","","",0
1669,"",False,False,False,False,"","","",0
1670,"",False,False,False,False,"","","",0
1671,"",False,False,False,False,"","","",0
1672,"",False,False,False,False,"","","",0
1673,"",False,False,False,False,"","","",0
1674,"",False,False,False,False,"","","",0
1675,"",False,False,False,False,"","","",0
1676,"",False,False,False,False,"","","",0
1677,"",False,False,False,False,"","","",0
1678,"",False,False,False,False,"","","",0
1679,"",False,False,False,False,"","","",0
1680,"",False,False,False,False,"","","",0
1681,"",False,False,False,False,"","","",0
1682,"",False,False,False,False,"","","",0
1683,"",False,False,False,False,"","","",0
1684,"",False,False,False,False,"","","",0
1685,"",False,False,False,False,"","","",0
1686,"",False,False,False,False,"","","",0
1687,"",False,False,False,False,"","","",0
1688,"",False,False,False,False,"","","",0
1689,"",False,False,False,False,"","","",0
1690,"",False,False,False,False,"","","",0
1691,"",False,False,False,False,"","","",0
1692,"",False,False,False,False,"","","",0
1693,"",False,False,False,False,"","","",0
1694,"",False,False,False,False,"","","",0
1695,"",False,False,False,False,"","","",0
1696,"",False,False,False,False,"","","",0
1697,"",False,False,False,False,"","","",0
1698,"",False,False,False,False,"","","",0
1699,"",False,False,False,False,"","","",0
1700,"",False,False,False,False,"","","",0
