key,0,1,2,3,4,5,6,7,8,9
#,Name,Icon,ClassJob,,Level,Quest,Value,ClassJobCategory,,
int32,str,Image,ClassJob,byte,byte,Quest,uint32,ClassJobCategory,byte,byte
0,"",,"",0,0,,0,"",0,0
1,"ＶＩＴアップ",,"",0,0,,0,"",0,0
2,"ＶＩＴアップII",,"",0,0,,0,"",0,0
3,"ＶＩＴアップIII",,"",0,0,,0,"",0,0
4,"ＶＩＴアップ",,"",0,0,,0,"",0,0
5,"ＶＩＴアップII",,"",0,0,,0,"",0,0
6,"ＶＩＴアップIII",,"",0,0,,0,"",0,0
7,"ＳＴＲアップ",,"",0,0,,0,"",0,0
8,"ＳＴＲアップII",,"",0,0,,0,"",0,0
9,"ＳＴＲアップIII",,"",0,0,,0,"",0,0
10,"疾風迅雷効果アップ",,"",0,0,,0,"",0,0
11,"疾風迅雷効果アップII",,"",0,0,,0,"",0,0
12,"ＳＴＲアップ",,"",0,0,,0,"",0,0
13,"ＳＴＲアップII",,"",0,0,,0,"",0,0
14,"ＳＴＲアップIII",,"",0,0,,0,"",0,0
15,"ＤＥＸアップ",,"",0,0,,0,"",0,0
16,"ＤＥＸアップII",,"",0,0,,0,"",0,0
17,"ヘヴィショット効果アップ","ui/icon/005000/005321.tex","",5,50,,0,"",50,0
18,"アクションダメージアップ","ui/icon/005000/005302.tex","",5,50,,0,"鍛冶師",50,0
19,"ＤＥＸアップIII",,"",0,0,,0,"",0,0
20,"アクションダメージアップII","ui/icon/005000/005303.tex","",5,50,,0,"ナイト",50,0
21,"ＭＮＤアップ",,"",0,0,,0,"",0,0
22,"ＭＮＤアップII",,"",0,0,,0,"",0,0
23,"アクションダメージ・回復量アップ","ui/icon/005000/005185.tex","",6,53,,0,"鍛冶師",53,0
24,"ＭＮＤアップIII",,"",0,0,,0,"",0,0
25,"ケアル効果アップ","ui/icon/005000/005330.tex","",6,53,,0,"",53,0
26,"アクションダメージ・回復量アップII","ui/icon/005000/005186.tex","",6,53,,0,"ファイター",53,0
27,"ＩＮＴアップ",,"",0,0,,0,"",0,0
28,"ＩＮＴアップII",,"",0,0,,0,"",0,0
29,"アクションダメージ・回復量アップ","ui/icon/005000/005185.tex","",7,55,,0,"鍛冶師",55,0
30,"ＩＮＴアップIII",,"",0,0,,0,"",0,0
31,"アクションダメージ・回復量アップII","ui/icon/005000/005186.tex","",7,55,,0,"ファイター",55,0
32,"ファイア効果アップ","ui/icon/005000/005352.tex","",7,55,,0,"",55,0
33,"サンダー系魔法効果アップ","ui/icon/005000/005355.tex","",0,0,,0,"",0,0
34,"オートトライアングレート","ui/icon/005000/005451.tex","",17,18,,0,"",18,0
35,"ステルス効果アップ",,"",0,0,,0,"ファイター",0,0
36,"ステルス効果アップII",,"",0,0,,0,"剣術士 格闘士 斧術士 槍術士 弓術士 双剣士 幻術士 呪術士 巴術士 モンク 戦士 竜騎士 吟遊詩人 忍者",0,0
37,"ステルス効果アップIII",,"",0,0,,0,"弓術士 吟遊詩人",0,0
38,"オートプロスペクト","ui/icon/005000/005426.tex","",16,17,,0,"",17,0
39,"ステルス効果アップ",,"",0,0,,0,"ファイター",0,0
40,"ステルス効果アップII",,"",0,0,,0,"剣術士 格闘士 斧術士 槍術士 弓術士 双剣士 幻術士 呪術士 巴術士 モンク 戦士 竜騎士 吟遊詩人 忍者",0,0
41,"ステルス効果アップIII",,"",0,0,,0,"弓術士 吟遊詩人",0,0
42,"ツリーウィスパラー","ui/icon/005000/005455.tex","",17,18,,0,"",18,0
43,"ツリーウィスパラーII","ui/icon/005000/005456.tex","",17,18,,0,"",18,0
44,"ツリーウィスパラーIII","ui/icon/005000/005457.tex","",17,18,,0,"",18,0
45,"ツリーウィスパラーIV","ui/icon/005000/005458.tex","",17,18,,0,"",18,0
46,"十二神の加護効果アップ","ui/icon/005000/005459.tex","",17,18,,0,"",18,0
47,"十二神の加護効果アップII","ui/icon/005000/005460.tex","",17,18,,0,"",18,0
48,"ストーンウィスパラー","ui/icon/005000/005430.tex","",16,17,,0,"",17,0
49,"ストーンウィスパラーII","ui/icon/005000/005431.tex","",16,17,,0,"",17,0
50,"ストーンウィスパラーIII","ui/icon/005000/005432.tex","",16,17,,0,"",17,0
51,"ストーンウィスパラーIV","ui/icon/005000/005433.tex","",16,17,,0,"",17,0
52,"十二神の加護効果アップ","ui/icon/005000/005434.tex","",16,17,,0,"",17,0
53,"十二神の加護効果アップII","ui/icon/005000/005435.tex","",16,17,,0,"",17,0
54,"砂海釣り","ui/icon/005000/005483.tex","",18,19,,0,"",19,0
55,"雲海釣り","ui/icon/005000/005484.tex","",18,19,,0,"",19,0
56,"ステルス効果アップ",,"",0,0,,0,"ファイター",0,0
57,"ステルス効果アップII",,"",0,0,,0,"剣術士 格闘士 斧術士 槍術士 弓術士 双剣士 幻術士 呪術士 巴術士 モンク 戦士 竜騎士 吟遊詩人 忍者",0,0
58,"ステルス効果アップIII",,"",0,0,,0,"弓術士 吟遊詩人",0,0
59,"ガルアイ","ui/icon/005000/005479.tex","",18,19,,0,"錬金術師",19,0
60,"ガルアイII",,"",0,0,,0,"クラフター ギャザラー",0,0
61,"ガルアイIII",,"",0,0,,0,"弓術士 吟遊詩人",0,0
62,"泳がせ釣り効果アップ","ui/icon/005000/005482.tex","",18,19,,0,"",19,0
63,"エーテルフロー効果アップ",,"",0,0,,0,"",0,0
64,"ＩＮＴアップ",,"",0,0,,0,"",0,0
65,"ＩＮＴアップII",,"",0,0,,0,"",0,0
66,"アクションダメージ・回復量アップ","ui/icon/005000/005185.tex","",26,68,,0,"鍛冶師",68,0
67,"エーテルフロー効果アップII",,"",0,0,,0,"",0,0
68,"ＩＮＴアップIII",,"",0,0,,0,"",0,0
69,"アクションダメージ・回復量アップII","ui/icon/005000/005186.tex","",26,68,,0,"ファイター",68,0
70,"エーテルフロー効果アップIII",,"",0,0,,0,"",0,0
71,"ＳＴＲアップ","ui/icon/009000/009004.tex","",0,0,,0,"槍術士",0,0
72,"最大ＨＰアップ","ui/icon/009000/009001.tex","",0,0,,0,"鍛冶師",0,0
73,"命中率アップ","ui/icon/009000/009010.tex","",0,0,,0,"槍術士",0,0
74,"クリティカルアップ","ui/icon/009000/009012.tex","",0,0,,0,"錬金術師",0,0
75,"ＳＴＲアップ","ui/icon/009000/009004.tex","",0,0,,0,"槍術士",0,0
76,"最大ＨＰアップ","ui/icon/009000/009001.tex","",0,0,,0,"鍛冶師",0,0
77,"ＳＴＲアップ","ui/icon/009000/009004.tex","",0,0,,0,"槍術士",0,0
78,"最大ＨＰアップ","ui/icon/009000/009001.tex","",0,0,,0,"槍術士",0,0
79,"命中率アップ","ui/icon/009000/009010.tex","",0,0,,0,"槍術士",0,0
80,"クリティカルアップ","ui/icon/009000/009012.tex","",0,0,,0,"錬金術師",0,0
81,"ＳＴＲアップ","ui/icon/009000/009004.tex","",0,0,,0,"鍛冶師",0,0
82,"攻撃速度アップ","ui/icon/009000/009013.tex","",0,0,,0,,0,0
83,"ＭＮＤアップ","ui/icon/009000/009008.tex","",0,0,,0,"鍛冶師",0,0
84,"最大ＨＰアップ","ui/icon/009000/009001.tex","",0,0,,0,"槍術士",0,0
85,"命中率アップ","ui/icon/009000/009010.tex","",0,0,,0,"槍術士",0,0
86,"クリティカルアップ","ui/icon/009000/009012.tex","",0,0,,0,"錬金術師",0,0
87,"ＭＮＤアップ","ui/icon/009000/009008.tex","",0,0,,0,"錬金術師",0,0
88,"最大ＨＰアップ","ui/icon/009000/009001.tex","",0,0,,0,"槍術士",0,0
89,"ＤＥＸアップ",,"",0,0,,0,"",0,0
90,"落下ダメージ軽減","ui/icon/005000/005401.tex","",29,93,,0,"鍛冶師",93,0
91,"ＤＥＸアップII",,"",0,0,,0,"",0,0
92,"ＤＥＸアップIII",,"",0,0,,0,"",0,0
93,"移動速度アップ","ui/icon/005000/005403.tex","",29,93,,0,"鍛冶師",93,0
94,"ニメーヤの加護","ui/icon/005000/005436.tex","",16,17,,0,"",17,0
95,"ストーンウィスパラーV","ui/icon/005000/005437.tex","",16,17,,67617,"",17,0
96,"ステルス効果アップIV",,"",0,0,,0,"剣術士 格闘士 斧術士 槍術士 弓術士 双剣士 幻術士 呪術士 巴術士 白魔道士 黒魔道士 召喚士 学者 占星術師",0,0
97,"ステルス効果アップV",,"",0,0,,0,"剣術士 呪術士 ナイト 黒魔道士",0,0
98,"ステルス効果アップVI",,"",0,0,,0,"剣術士 斧術士 槍術士 ナイト 戦士 竜騎士 暗黒騎士 ガンブレイカー リーパー",0,0
99,"ニメーヤの加護","ui/icon/005000/005461.tex","",17,18,,0,"",18,0
100,"ツリーウィスパラーV","ui/icon/005000/005462.tex","",17,18,,67585,"",18,0
101,"ステルス効果アップIV",,"",0,0,,0,"剣術士 格闘士 斧術士 槍術士 弓術士 双剣士 幻術士 呪術士 巴術士 白魔道士 黒魔道士 召喚士 学者 占星術師",0,0
102,"ステルス効果アップV",,"",0,0,,0,"剣術士 呪術士 ナイト 黒魔道士",0,0
103,"ステルス効果アップVI",,"",0,0,,0,"剣術士 斧術士 槍術士 ナイト 戦士 竜騎士 暗黒騎士 ガンブレイカー リーパー",0,0
104,"ガルアイIV",,"",0,0,,0,"呪術士 黒魔道士",0,0
105,"ガルアイV",,"",0,0,,0,"剣術士 斧術士 槍術士 ナイト 戦士 竜騎士 暗黒騎士 ガンブレイカー リーパー",0,0
106,"浮島釣り","ui/icon/005000/005488.tex","",18,19,,67622,"",19,0
107,"ステルス効果アップIV",,"",0,0,,0,"剣術士 格闘士 斧術士 槍術士 弓術士 双剣士 幻術士 呪術士 巴術士 白魔道士 黒魔道士 召喚士 学者 占星術師",0,0
108,"ステルス効果アップV",,"",0,0,,0,"剣術士 呪術士 ナイト 黒魔道士",0,0
109,"ステルス効果アップVI",,"",0,0,,0,"剣術士 斧術士 槍術士 ナイト 戦士 竜騎士 暗黒騎士 ガンブレイカー リーパー",0,0
110,"溶岩釣り","ui/icon/005000/005489.tex","",18,19,,67623,"",19,0
111,"魔泉釣り","ui/icon/005000/005490.tex","",18,19,,67624,"",19,0
112,"ＶＩＴアップ",,"",0,0,,0,"",0,0
113,"ＶＩＴアップII",,"",0,0,,0,"",0,0
114,"ＶＩＴアップIII",,"",0,0,,0,"",0,0
115,"ＤＥＸアップ",,"",0,0,,0,"",0,0
116,"ＤＥＸアップII",,"",0,0,,0,"",0,0
117,"アクションダメージアップ","ui/icon/006000/006002.tex","",31,96,,0,"鍛冶師",96,0
118,"ＤＥＸアップIII",,"",0,0,,0,"",0,0
119,"アクションダメージアップII","ui/icon/006000/006003.tex","",31,96,,0,"ナイト",96,0
120,"ＭＮＤアップ",,"",0,0,,0,"",0,0
121,"ＭＮＤアップII",,"",0,0,,0,"",0,0
122,"アクションダメージ・回復量アップ","ui/icon/006000/006102.tex","",33,99,,0,"鍛冶師",99,0
123,"ＭＮＤアップIII",,"",0,0,,0,"",0,0
124,"ベネフィク効果アップ","ui/icon/006000/006105.tex","",33,99,,0,"錬金術師",99,0
125,"アクションダメージ・回復量アップII","ui/icon/006000/006103.tex","",33,99,,0,"ファイター",99,0
126,"ステルス効果アップVII",,"",0,0,,0,"幻術士 白魔道士 学者 占星術師 賢者",0,0
127,"ステルス効果アップVIII",,"",0,0,,0,"剣術士 格闘士 斧術士 槍術士 双剣士 モンク 竜騎士 忍者",0,0
128,"ステルス効果アップIX",,"",0,0,,0,"調理師以外のクラフター",0,0
129,"ステルス効果アップVII",,"",0,0,,0,"幻術士 白魔道士 学者 占星術師 賢者",0,0
130,"ステルス効果アップVIII",,"",0,0,,0,"剣術士 格闘士 斧術士 槍術士 双剣士 モンク 竜騎士 忍者",0,0
131,"ステルス効果アップIX",,"",0,0,,0,"調理師以外のクラフター",0,0
132,"ステルス効果アップVII",,"",0,0,,0,"幻術士 白魔道士 学者 占星術師 賢者",0,0
133,"ステルス効果アップVIII",,"",0,0,,0,"剣術士 格闘士 斧術士 槍術士 双剣士 モンク 竜騎士 忍者",0,0
134,"ステルス効果アップIX",,"",0,0,,0,"調理師以外のクラフター",0,0
135,"塩湖釣り","ui/icon/005000/005499.tex","",18,19,,0,"",19,0
136,"ガルアイVI",,"",0,0,,0,"格闘士 モンク 侍",0,0
137,"ガルアイVII",,"",0,0,,0,"調理師以外のクラフター",0,0
138,"品質精査","ui/icon/006000/006976.tex","",8,9,,67978,"剣術士",9,0
139,"品質精査","ui/icon/006000/006976.tex","",9,10,,68152,"剣術士",10,0
140,"品質精査","ui/icon/006000/006976.tex","",10,11,,68131,"剣術士",11,0
141,"品質精査","ui/icon/006000/006976.tex","",11,12,,68136,"剣術士",12,0
142,"品質精査","ui/icon/006000/006976.tex","",12,13,,68146,"剣術士",13,0
143,"品質精査","ui/icon/006000/006976.tex","",13,14,,67968,"剣術士",14,0
144,"品質精査","ui/icon/006000/006976.tex","",14,15,,67973,"剣術士",15,0
145,"品質精査","ui/icon/006000/006976.tex","",15,16,,68141,"剣術士",16,0
146,"魔匠の閃き",,"",0,0,,0,"",0,0
147,"魔匠の閃き",,"",0,0,,0,"",0,0
148,"魔匠の閃き",,"",0,0,,0,"",0,0
149,"魔匠の閃き",,"",0,0,,0,"",0,0
150,"魔匠の閃き",,"",0,0,,0,"",0,0
151,"魔匠の閃き",,"",0,0,,0,"",0,0
152,"魔匠の閃き",,"",0,0,,0,"",0,0
153,"魔匠の閃き",,"",0,0,,0,"",0,0
154,"オートファゾム","ui/icon/005000/005497.tex","",18,19,,68458,"",19,0
155,"フィッシュウィスパラー",,"",0,0,,0,"",0,0
156,"かばう効果アップ","ui/icon/005000/005209.tex","",0,0,,0,,0,0
157,"ウォークライ効果アップ","ui/icon/005000/005259.tex","",21,22,,0,"",22,0
158,"ブラックブラッド","ui/icon/006000/006059.tex","",32,98,,0,"",98,0
159,"ブラックブラッドII","ui/icon/006000/006060.tex","",32,98,,0,"",98,0
160,"闘気充填アップ","ui/icon/005000/005234.tex","",20,21,,0,"",21,0
161,"羅刹衝マスタリー","ui/icon/005000/005235.tex","",0,0,,0,"剣術士",0,0
162,"ランスマスタリー","ui/icon/005000/005284.tex","",0,0,,0,"",0,0
163,"紅の竜血","ui/icon/005000/005289.tex","",22,23,,68450,"",23,0
164,"毒刃",,"",0,0,,0,"",0,0
165,"集気法","ui/icon/005000/005411.tex","",30,92,,0,"弓術士",92,0
166,"縮地効果アップ","ui/icon/005000/005412.tex","",30,92,,0,"",92,0
167,"ぶんどる効果アップ",,"",0,0,,0,"",0,0
168,"バイトマスタリー","ui/icon/005000/005309.tex","",23,24,,0,"",24,0
169,"エンピリアルアロー効果アップ","ui/icon/005000/005310.tex","",23,24,,0,"",24,0
170,"ショットマスタリー",,"",0,0,,0,"",0,0
171,"サンダーマスタリー","ui/icon/005000/005357.tex","",25,26,,66612,"",26,0
172,"サンダーマスタリーII","ui/icon/005000/005358.tex","",25,26,,0,"",26,0
173,"アンブラルハート効果アップ","ui/icon/005000/005359.tex","",0,0,,0,,0,0
174,"エノキアン効果アップ","ui/icon/005000/005360.tex","",25,26,,68128,"槍術士",26,0
175,"コラプションマスタリー","ui/icon/005000/005376.tex","",0,0,,0,"",0,0
176,"ルインラ効果アップ","ui/icon/005000/005377.tex","",0,0,,0,"",0,0
177,"コラプションマスタリーII","ui/icon/005000/005378.tex","",0,0,,0,"",0,0
178,"トランス・バハムート効果アップ","ui/icon/005000/005380.tex","",27,28,,68165,"",28,0
179,"ストーンマスタリー","ui/icon/005000/005333.tex","",6,53,,0,"",53,0
180,"エアロマスタリー","ui/icon/005000/005334.tex","",6,53,,0,"",53,0
181,"ストーンマスタリーII","ui/icon/005000/005336.tex","",24,25,,67257,"",25,0
182,"ストーンマスタリーIII","ui/icon/005000/005337.tex","",24,25,,0,"",25,0
183,"シークレットリリーII","ui/icon/005000/005338.tex","",0,0,,0,"ナイト",0,0
184,"炎法マスタリーII","ui/icon/005000/005392.tex","",28,29,,0,"",29,0
185,"エーテルフローリキャストタイム短縮",,"",0,0,,0,"弓術士 双剣士 吟遊詩人 忍者 機工士",0,0
186,"コンバスマスタリー","ui/icon/006000/006109.tex","",33,99,,0,"",99,0
187,"マレフィクマスタリー","ui/icon/006000/006110.tex","",33,99,,67558,"",99,0
188,"マレフィクマスタリーII","ui/icon/006000/006111.tex","",33,99,,0,"",99,0
189,"ライトスピード効果アップ","ui/icon/006000/006101.tex","",33,99,,0,,99,0
190,"オート山師の直感",,"",0,0,,0,"剣術士 斧術士 槍術士 ナイト 戦士 竜騎士 暗黒騎士 ガンブレイカー リーパー",0,0
191,"オート開拓者の手",,"",0,0,,0,"剣術士 斧術士 槍術士 ナイト 戦士 竜騎士 暗黒騎士 ガンブレイカー リーパー",0,0
192,"GP回復量アップ","ui/icon/005000/005444.tex","",16,17,,68094,"全クラス",17,0
193,"GP回復量アップ","ui/icon/005000/005469.tex","",17,18,,68160,"全クラス",18,0
194,"GP回復量アップ","ui/icon/005000/005498.tex","",18,19,,68435,"全クラス",19,0
195,"ジョルト効果アップ","ui/icon/006000/006201.tex","",35,112,,0,"",112,0
196,"シークレットリリー","ui/icon/005000/005335.tex","",24,25,,67256,"",25,0
197,"ＩＮＴアップ",,"",0,0,,0,"",0,0
198,"ＩＮＴアップII",,"",0,0,,0,"",0,0
199,"ＩＮＴアップIII",,"",0,0,,0,"",0,0
200,"アクションダメージ・回復量アップ","ui/icon/005000/005185.tex","",35,112,,0,"鍛冶師",112,0
201,"アクションダメージ・回復量アップII","ui/icon/005000/005186.tex","",35,112,,0,"ファイター",112,0
202,"ＳＴＲアップ",,"",0,0,,0,"",0,0
203,"ＳＴＲアップII",,"",0,0,,0,"",0,0
204,"ＳＴＲアップIII",,"",0,0,,0,"",0,0
205,"毒刃II",,"",0,0,,0,"",0,0
206,"ジョルラ効果アップ",,"",0,0,,0,"",0,0
207,"神聖魔法マスタリー","ui/icon/005000/005210.tex","",19,20,,0,,20,0
208,"剣気マスタリーII","ui/icon/006000/006151.tex","",34,111,,0,"槍術士",111,0
209,"忠義マスタリー","ui/icon/005000/005211.tex","",19,20,,66592,"",20,0
210,"ＭＮＤアップ",,"",0,0,,0,"",0,0
211,"ＭＮＤアップII",,"",0,0,,0,"",0,0
212,"ＭＮＤアップIII",,"",0,0,,0,"",0,0
213,"エンキンドル効果アップ","ui/icon/005000/005379.tex","",0,0,,0,,0,0
214,"炎法マスタリー","ui/icon/005000/005394.tex","",28,29,,67209,"",29,0
215,"剣気マスタリー","ui/icon/006000/006152.tex","",34,111,,0,"",111,0
216,"連続魔","ui/icon/006000/006203.tex","",35,112,,0,"",112,0
217,"ルインマスタリー","ui/icon/005000/005395.tex","",26,69,,65997,"",69,0
218,"バーサクマスタリー","ui/icon/005000/005260.tex","",21,22,,68440,"",22,0
219,"ラーニング","ui/icon/006000/006251.tex","",36,129,,0,"",129,0
220,"アクションダメージ・回復量アップ","ui/icon/005000/005185.tex","",36,129,,0,"鍛冶師",129,0
221,"アクションダメージ・回復量アップII","ui/icon/005000/005186.tex","",36,129,,0,"ナイト",129,0
222,"アクションダメージ・回復量アップIII","ui/icon/005000/005187.tex","",36,129,,0,"ファイター",129,0
223,"アクションダメージ・回復量アップIV","ui/icon/005000/005188.tex","",36,129,,0,"剣術士 格闘士 斧術士 槍術士 弓術士 双剣士 幻術士 呪術士 巴術士 モンク 戦士 竜騎士 吟遊詩人 忍者",129,0
224,"アクションダメージ・回復量アップV","ui/icon/005000/005189.tex","",36,129,,0,"弓術士 吟遊詩人",129,0
225,"ステルス効果アップX",,"",0,0,,0,"",0,0
226,"ステルス効果アップXI",,"",0,0,,0,"",0,0
227,"ステルス効果アップXII",,"",0,0,,0,"",0,0
228,"ステルス効果アップX",,"",0,0,,0,"",0,0
229,"ステルス効果アップXI",,"",0,0,,0,"",0,0
230,"ステルス効果アップXII",,"",0,0,,0,"",0,0
231,"ステルス効果アップX",,"",0,0,,0,"",0,0
232,"ステルス効果アップXI",,"",0,0,,0,"",0,0
233,"ステルス効果アップXII",,"",0,0,,0,"",0,0
234,"ガルアイVIII",,"",0,0,,0,"",0,0
235,"ガルアイIX",,"",0,0,,0,"",0,0
236,"GP回復量アップII","ui/icon/005000/005449.tex","",16,17,,0,"剣術士",17,0
237,"GP回復量アップII","ui/icon/005000/005474.tex","",17,18,,0,"剣術士",18,0
238,"GP回復量アップII","ui/icon/005000/005496.tex","",18,19,,0,"剣術士",19,0
239,"GP回復量アップIII","ui/icon/005000/005441.tex","",16,17,,0,"格闘士",17,0
240,"GP回復量アップIII","ui/icon/005000/005466.tex","",17,18,,0,"格闘士",18,0
241,"GP回復量アップIII","ui/icon/005000/005486.tex","",18,19,,0,"格闘士",19,0
242,"石工の理効果アップ","ui/icon/005000/005442.tex","",16,17,,0,"弓術士 吟遊詩人",17,0
243,"老農の知効果アップ","ui/icon/005000/005467.tex","",17,18,,0,"弓術士 吟遊詩人",18,0
244,"ビッグフィッシャー","ui/icon/005000/005485.tex","",18,19,,0,"",19,0
245,"闘気充填アップII","ui/icon/005000/005238.tex","",20,21,,0,"弓術士 双剣士 吟遊詩人 忍者 機工士",21,0
246,"シバルリー","ui/icon/005000/005212.tex","",19,20,,0,"",20,0
247,"ランスマスタリー","ui/icon/005000/005284.tex","",22,23,,0,"",23,0
248,"",,"",0,0,,0,"",0,0
249,"インナービースト","ui/icon/005000/005261.tex","",21,22,,66586,"",22,0
250,"活殺自在効果アップ","ui/icon/005000/005414.tex","",30,92,,0,"",92,0
251,"アクションダメージアップ","ui/icon/006000/006351.tex","",38,150,,0,"鍛冶師",150,0
252,"幻扇","ui/icon/006000/006352.tex","",38,150,,0,"",150,0
253,"アクションダメージアップII","ui/icon/006000/006353.tex","",38,150,,0,"ナイト",150,0
254,"アン・アヴァン効果アップ","ui/icon/006000/006354.tex","",38,150,,0,"剣術士",150,0
255,"エスプリ","ui/icon/006000/006355.tex","",38,150,,0,"",150,0
256,"アン・アヴァン効果アップII","ui/icon/006000/006356.tex","",38,150,,0,"格闘士",150,0
257,"ソイルチャージ","ui/icon/006000/006301.tex","",37,149,,0,"",149,0
258,"ブルータルシェル効果アップ","ui/icon/006000/006302.tex","",37,149,,0,"",149,0
259,"デンジャーゾーンマスタリー","ui/icon/006000/006303.tex","",37,149,,0,"",149,0
260,"レイジ・オブ・ハルオーネマスタリー","ui/icon/005000/005213.tex","",19,20,,67573,"",20,0
261,"プロミネンス効果アップ","ui/icon/005000/005214.tex","",19,20,,0,"",20,0
262,"シェルトロン効果アップ","ui/icon/005000/005215.tex","",19,20,,0,"",20,0
263,"レクイエスカット効果アップ","ui/icon/005000/005216.tex","",19,20,,0,"",20,0
264,"忠義の剣","ui/icon/005000/005217.tex","",19,20,,0,"",20,0
265,"原初の魂マスタリー","ui/icon/005000/005262.tex","",21,22,,66124,"",22,0
266,"スチールサイクロンマスタリー","ui/icon/005000/005263.tex","",21,22,,66137,"",22,0
267,"原初の混沌","ui/icon/005000/005264.tex","",21,22,,0,"",22,0
268,"インナービーストマスタリー","ui/icon/005000/005265.tex","",21,22,,0,"",22,0
269,"スリル・オブ・バトル効果アップ","ui/icon/005000/005258.tex","",21,22,,0,"",22,0
270,"",,"",0,0,,0,"",0,0
271,"暗黒マスタリー","ui/icon/006000/006062.tex","",32,98,,0,"",98,0
272,"プランジカット効果アップ","ui/icon/006000/006063.tex","",0,0,,0,"剣術士",0,0
273,"疾風の極意",,"",0,0,,0,"",0,0
274,"紅蓮の構え効果アップ","ui/icon/005000/005237.tex","",0,0,,0,"",0,0
275,"ジャンプマスタリー","ui/icon/005000/005286.tex","",22,23,,0,"",23,0
276,"竜血マスタリー","ui/icon/005000/005287.tex","",0,0,,0,"",0,0
277,"居合術効果アップ","ui/icon/006000/006153.tex","",34,111,,0,"",111,0
278,"風月・風花効果アップ","ui/icon/006000/006154.tex","",34,111,,0,"",111,0
279,"縮地効果アップII","ui/icon/005000/005415.tex","",30,92,,0,"剣術士",92,0
280,"集気法II","ui/icon/005000/005416.tex","",30,92,,0,"",92,0
281,"",,"",0,0,,0,"",0,0
282,"ストレートショットマスタリー","ui/icon/005000/005311.tex","",23,24,,68430,"",24,0
283,"クイックノック効果アップ","ui/icon/005000/005304.tex","",5,50,,0,"",50,0
284,"バイトマスタリーII","ui/icon/005000/005312.tex","",23,24,,0,"",24,0
285,"ヘヴィショットマスタリー","ui/icon/005000/005306.tex","",23,24,,0,"",24,0
286,"軍神のパイオン効果アップ","ui/icon/005000/005314.tex","",23,24,,0,"",24,0
287,"ソウルボイス","ui/icon/005000/005315.tex","",23,24,,0,"",24,0
288,"スプリットショットマスタリー","ui/icon/006000/006010.tex","",31,96,,67243,"",96,0
289,"スラッグショットマスタリー","ui/icon/006000/006011.tex","",31,96,,67248,"",96,0
290,"クリーンショットマスタリー","ui/icon/006000/006012.tex","",31,96,,0,"",96,0
291,"ホットショットマスタリー","ui/icon/006000/006016.tex","",31,96,,0,"",96,0
292,"チャージアクション効果アップ","ui/icon/006000/006013.tex","",31,96,,0,"格闘士",96,0
293,"ワイルドファイア効果アップ","ui/icon/006000/006014.tex","",31,96,,0,"",96,0
294,"プロモーション","ui/icon/006000/006015.tex","",31,96,,0,"",96,0
295,"アンブラルハート","ui/icon/005000/005656.tex","",25,26,,0,"",26,0
296,"極性マスタリー","ui/icon/005000/005362.tex","",7,55,,0,"",55,0
297,"ポリグロット効果アップ","ui/icon/005000/005363.tex","",25,26,,0,"",26,0
298,"トランス・バハムート効果アップII","ui/icon/005000/005676.tex","",0,0,,0,"",0,0
299,"エギアサルト効果アップ","ui/icon/005000/005677.tex","",0,0,,0,"",0,0
300,"トライディザスター効果アップ","ui/icon/005000/005678.tex","",0,0,,0,"",0,0
301,"ベイン効果アップ","ui/icon/005000/005679.tex","",0,0,,0,"",0,0
302,"トランス・フェニックス効果アップ ","ui/icon/005000/005680.tex","",0,0,,0,"",0,0
303,"スキャッターマスタリー","ui/icon/006000/006207.tex","",35,112,,0,"",112,0
304,"デプラスマン効果アップ","ui/icon/006000/006204.tex","",35,112,,0,"",112,0
305,"マナフィケーション効果アップ","ui/icon/006000/006205.tex","",35,112,,0,,112,0
306,"赤魔法マスタリー","ui/icon/006000/006206.tex","",35,112,,0,,112,0
307,"エアロマスタリーII","ui/icon/005000/005339.tex","",24,25,,0,"",25,0
308,"ストーンマスタリーIV","ui/icon/005000/005340.tex","",24,25,,0,"",25,0
309,"ハート・オブ・ソラス効果アップ","ui/icon/005000/005341.tex","",24,25,,0,"",25,0
310,"アサイラム効果アップ","ui/icon/005000/005342.tex","",24,25,,0,"",25,0
311,"コラプションマスタリーII","ui/icon/005000/005701.tex","",28,29,,0,"",29,0
312,"炎法マスタリーIII","ui/icon/005000/005702.tex","",28,29,,0,"",29,0
313,"野戦治療の陣効果アップ","ui/icon/005000/005703.tex","",28,29,,0,"",29,0
314,"コンバスマスタリーII","ui/icon/006000/006112.tex","",33,99,,0,"",99,0
315,"マレフィクマスタリーIII","ui/icon/006000/006113.tex","",33,99,,0,"",99,0
316,"ディグニティ効果アップ","ui/icon/006000/006114.tex","",33,99,,0,"剣術士",99,0
317,"タンクマスタリー","ui/icon/005000/005190.tex","",1,38,,0,,38,0
318,"タンクマスタリー","ui/icon/005000/005190.tex","",3,44,,0,,44,0
319,"タンクマスタリー","ui/icon/005000/005190.tex","",32,98,,0,,98,0
320,"タンクマスタリー","ui/icon/005000/005190.tex","",37,149,,0,,149,0
321,"激成魔効果アップ","ui/icon/005000/005364.tex","",0,0,,0,,0,0
322,"エノキアン効果アップII","ui/icon/005000/005365.tex","",25,26,,0,"鍛冶師",26,0
323,"",,"",0,0,,0,"",0,0
324,"コラプションマスタリー","ui/icon/005000/005376.tex","",28,29,,0,"",29,0
325,"オートトゥルー・オブ・ミネラル","ui/icon/005000/005427.tex","",16,17,,0,"",17,0
326,"オートトゥルー・オブ・フォレスト","ui/icon/005000/005452.tex","",17,18,,0,"",18,0
327,"オートトゥルー・オブ・オーシャン","ui/icon/005000/005476.tex","",18,19,,68458,"",19,0
328,"オートスニーク","ui/icon/005000/005428.tex","",16,17,,0,"",17,0
329,"オートスニーク","ui/icon/005000/005453.tex","",17,18,,0,"",18,0
330,"オートスニーク","ui/icon/005000/005477.tex","",18,19,,0,"",19,0
331,"十二神の加護効果アップIII","ui/icon/005000/005440.tex","",16,17,,0,"",17,0
332,"十二神の加護効果アップIII","ui/icon/005000/005465.tex","",17,18,,0,"",18,0
333,"バウンティフルイールドマスタリー","ui/icon/005000/005429.tex","",16,17,,68093,"",17,0
334,"アナースマスタリー",,"",0,0,,0,"",0,0
335,"直感選別マスタリー",,"",0,0,,0,"",0,0
336,"バウンティフルハーベストマスタリー","ui/icon/005000/005454.tex","",17,18,,68159,"",18,0
337,"リーフターンマスタリー",,"",0,0,,0,"",0,0
338,"直感選別マスタリー",,"",0,0,,0,"",0,0
339,"作業マスタリー","ui/icon/006000/006979.tex","",8,9,,0,"",9,0
340,"作業マスタリー","ui/icon/006000/006980.tex","",9,10,,0,"",10,0
341,"作業マスタリー","ui/icon/006000/006981.tex","",10,11,,0,"",11,0
342,"作業マスタリー","ui/icon/006000/006982.tex","",11,12,,0,"",12,0
343,"作業マスタリー","ui/icon/006000/006983.tex","",12,13,,0,"",13,0
344,"作業マスタリー","ui/icon/006000/006984.tex","",13,14,,0,"",14,0
345,"作業マスタリー","ui/icon/006000/006985.tex","",14,15,,0,"",15,0
346,"作業マスタリー","ui/icon/006000/006986.tex","",15,16,,0,"",16,0
347,"突貫作業マスタリー","ui/icon/006000/006978.tex","",8,9,,0,"",9,0
348,"突貫作業マスタリー","ui/icon/006000/006978.tex","",9,10,,0,"",10,0
349,"突貫作業マスタリー","ui/icon/006000/006978.tex","",10,11,,0,"",11,0
350,"突貫作業マスタリー","ui/icon/006000/006978.tex","",11,12,,0,"",12,0
351,"突貫作業マスタリー","ui/icon/006000/006978.tex","",12,13,,0,"",13,0
352,"突貫作業マスタリー","ui/icon/006000/006978.tex","",13,14,,0,"",14,0
353,"突貫作業マスタリー","ui/icon/006000/006978.tex","",14,15,,0,"",15,0
354,"突貫作業マスタリー","ui/icon/006000/006978.tex","",15,16,,0,"",16,0
355,"アウトバースト効果アップ","ui/icon/005000/005681.tex","",0,0,,0,"",0,0
356,"製作練習","ui/icon/006000/006987.tex","",8,9,,0,"",9,1
357,"製作練習","ui/icon/006000/006987.tex","",9,10,,0,"",10,1
358,"製作練習","ui/icon/006000/006987.tex","",10,11,,0,"",11,1
359,"製作練習","ui/icon/006000/006987.tex","",11,12,,0,"",12,1
360,"製作練習","ui/icon/006000/006987.tex","",12,13,,0,"",13,1
361,"製作練習","ui/icon/006000/006987.tex","",13,14,,0,"",14,1
362,"製作練習","ui/icon/006000/006987.tex","",14,15,,0,"",15,1
363,"製作練習","ui/icon/006000/006987.tex","",15,16,,0,"",16,1
364,"疾風迅雷","ui/icon/005000/005239.tex","",2,41,,0,"",41,0
365,"疾風迅雷効果アップ","ui/icon/005000/005230.tex","",2,41,,0,"",41,0
366,"疾風迅雷効果アップII","ui/icon/005000/005231.tex","",20,21,,0,"",21,0
367,"疾風迅雷効果アップIII","ui/icon/005000/005240.tex","",20,21,,0,"",21,0
368,"アクションダメージ・回復量アップ","ui/icon/005000/005185.tex","",40,181,,0,"鍛冶師",181,0
369,"アクションダメージ・回復量アップII","ui/icon/005000/005186.tex","",40,181,,0,"ファイター",181,0
370,"アダーガル","ui/icon/006000/006451.tex","",40,181,,0,"",181,0
371,"賢学の誓い","ui/icon/006000/006452.tex","",40,181,,0,"",181,0
372,"賢学の誓いII","ui/icon/006000/006453.tex","",40,181,,0,"",181,0
373,"アダースティング","ui/icon/006000/006454.tex","",40,181,,0,"",181,0
374,"攻撃魔法マスタリー","ui/icon/006000/006455.tex","",40,181,,0,"",181,0
375,"ケーラコレ効果アップ","ui/icon/006000/006456.tex","",40,181,,0,"",181,0
376,"攻撃魔法マスタリーII","ui/icon/006000/006457.tex","",40,181,,0,"",181,0
377,"回復アクション効果アップ","ui/icon/006000/006826.tex","",40,181,,0,"",181,0
378,"ゾーエ効果アップ","ui/icon/006000/006458.tex","",40,181,,0,,181,0
379,"ソウルゲージ","ui/icon/006000/006401.tex","",39,180,,0,"",180,0
380,"アクション威力アップ","ui/icon/006000/006801.tex","",39,180,,0,"",180,0
381,"アヴァターアビリティ効果アップ","ui/icon/006000/006403.tex","",39,180,,0,"",180,0
382,"ヘルズゲート効果アップ","ui/icon/006000/006404.tex","",39,180,,0,"",180,0
383,"ソウルスキル効果アップ","ui/icon/006000/006405.tex","",39,180,,0,"剣術士",180,0
384,"シュラウドゲージ","ui/icon/006000/006406.tex","",39,180,,69614,"",180,0
385,"アルケインクレスト効果アップ","ui/icon/006000/006407.tex","",39,180,,0,"",180,0
386,"ヴォイドソウル","ui/icon/006000/006408.tex","",39,180,,0,"",180,0
387,"アルケインサークル効果アップ","ui/icon/006000/006409.tex","",39,180,,0,"",180,0
388,"インナークワイエット","ui/icon/006000/006988.tex","",8,9,,0,"",9,0
389,"インナークワイエット","ui/icon/006000/006988.tex","",9,10,,0,"",10,0
390,"インナークワイエット","ui/icon/006000/006988.tex","",10,11,,0,"",11,0
391,"インナークワイエット","ui/icon/006000/006988.tex","",11,12,,0,"",12,0
392,"インナークワイエット","ui/icon/006000/006988.tex","",12,13,,0,"",13,0
393,"インナークワイエット","ui/icon/006000/006988.tex","",13,14,,0,"",14,0
394,"インナークワイエット","ui/icon/006000/006988.tex","",14,15,,0,"",15,0
395,"インナークワイエット","ui/icon/006000/006988.tex","",15,16,,0,"",16,0
396,"模範作業マスタリー","ui/icon/006000/006989.tex","",8,9,,0,"",9,0
397,"模範作業マスタリー","ui/icon/006000/006989.tex","",9,10,,0,"",10,0
398,"模範作業マスタリー","ui/icon/006000/006989.tex","",10,11,,0,"",11,0
399,"模範作業マスタリー","ui/icon/006000/006989.tex","",11,12,,0,"",12,0
400,"模範作業マスタリー","ui/icon/006000/006989.tex","",12,13,,0,"",13,0
401,"模範作業マスタリー","ui/icon/006000/006989.tex","",13,14,,0,"",14,0
402,"模範作業マスタリー","ui/icon/006000/006989.tex","",14,15,,0,"",15,0
403,"模範作業マスタリー","ui/icon/006000/006989.tex","",15,16,,0,"",16,0
404,"下地作業マスタリー","ui/icon/006000/006990.tex","",8,9,,0,"",9,0
405,"下地作業マスタリー","ui/icon/006000/006991.tex","",9,10,,0,"",10,0
406,"下地作業マスタリー","ui/icon/006000/006992.tex","",10,11,,0,"",11,0
407,"下地作業マスタリー","ui/icon/006000/006993.tex","",11,12,,0,"",12,0
408,"下地作業マスタリー","ui/icon/006000/006994.tex","",12,13,,0,"",13,0
409,"下地作業マスタリー","ui/icon/006000/006995.tex","",13,14,,0,"",14,0
410,"下地作業マスタリー","ui/icon/006000/006996.tex","",14,15,,0,"",15,0
411,"下地作業マスタリー","ui/icon/006000/006997.tex","",15,16,,0,"",16,0
412,"シェルトロンマスタリー","ui/icon/005000/005218.tex","",19,20,,0,"",20,0
413,"インターベンション効果アップ","ui/icon/005000/005219.tex","",19,20,,0,"",20,0
414,"神聖魔法マスタリーII","ui/icon/005000/005220.tex","",19,20,,0,"",20,0
415,"スピリッツウィズインマスタリー","ui/icon/005000/005221.tex","",19,20,,0,"",20,0
416,"ディヴァインヴェール効果アップ","ui/icon/005000/005222.tex","",19,20,,0,"",20,0
417,"シェイクオフ効果アップ","ui/icon/005000/005266.tex","",21,22,,0,"",22,0
418,"原初の直感マスタリー","ui/icon/005000/005267.tex","",21,22,,0,"",22,0
419,"原初の猛り効果アップ","ui/icon/005000/005268.tex","",21,22,,0,"",22,0
420,"エクリブリウム効果アップ","ui/icon/005000/005269.tex","",21,22,,0,"",22,0
421,"オンスロート効果アップ","ui/icon/005000/005270.tex","",21,22,,0,"格闘士",22,0
422,"アンメンド効果アップ","ui/icon/006000/006064.tex","",32,98,,0,"",98,0
423,"影身具現効果アップII","ui/icon/006000/006066.tex","",32,98,,0,"",98,0
424,"ハート・オブ・ストーンマスタリー","ui/icon/006000/006304.tex","",37,149,,0,"",149,0
425,"オーロラ効果アップ","ui/icon/006000/006305.tex","",37,149,,0,"剣術士",149,0
426,"コンティニュエーション効果アップ","ui/icon/006000/006306.tex","",37,149,,0,"",149,0
427,"ソイルチャージ効果アップ","ui/icon/006000/006307.tex","",37,149,,0,"",149,0
428,"鉄山靠マスタリー","ui/icon/005000/005241.tex","",20,21,,67564,"",21,0
429,"空鳴拳マスタリー","ui/icon/005000/005242.tex","",20,21,,0,"",21,0
430,"壊神衝マスタリー","ui/icon/005000/005243.tex","",20,21,,0,"",21,0
431,"抜重歩法効果アップ","ui/icon/005000/005244.tex","",20,21,,0,"格闘士",21,0
432,"桃園結義効果アップ","ui/icon/005000/005245.tex","",20,21,,0,"",21,0
433,"踏鳴効果アップ","ui/icon/005000/005246.tex","",20,21,,67567,"",21,0
434,"ジャンプ効果アップ","ui/icon/005000/005294.tex","",22,23,,67228,"",23,0
435,"クルザントーメント効果アップ","ui/icon/005000/005290.tex","",22,23,,0,"",23,0
436,"スパインダイブ効果アップ","ui/icon/005000/005291.tex","",0,0,,0,"剣術士",0,0
437,"ランスマスタリーII","ui/icon/005000/005288.tex","",22,23,,0,"",23,0
438,"ライフサージ効果アップ","ui/icon/005000/005277.tex","",22,23,,0,"剣術士",23,0
439,"集気法III","ui/icon/005000/005417.tex","",30,92,,0,"",92,0
440,"命水効果アップ","ui/icon/005000/005418.tex","",30,92,,0,"",92,0
441,"雷遁の術効果アップ","ui/icon/005000/005419.tex","",30,92,,0,"",92,0
442,"燕返し効果アップ","ui/icon/006000/006155.tex","",0,0,,0,"",0,0
443,"明鏡止水効果アップ","ui/icon/006000/006156.tex","",34,111,,0,"剣術士",111,0
444,"クイックノックマスタリー","ui/icon/005000/005316.tex","",23,24,,0,"",24,0
445,"ブラッドレッター効果アップ","ui/icon/005000/005317.tex","",23,24,,0,"格闘士",24,0
446,"エイペックスアロー効果アップ","ui/icon/005000/005318.tex","",23,24,,0,"",24,0
447,"トルバドゥール効果アップ","ui/icon/005000/005319.tex","",23,24,,0,,24,0
448,"戦歌効果アップ","ui/icon/005000/005320.tex","",23,24,,0,"",24,0
449,"スプレッドショットマスタリー","ui/icon/006000/006017.tex","",31,96,,0,"",96,0
450,"整備効果アップ","ui/icon/006000/006018.tex","",31,96,,0,"剣術士",96,0
451,"クイーンズ・ガンビット","ui/icon/006000/006019.tex","",31,96,,0,"",96,0
452,"タクティシャン効果アップ","ui/icon/006000/006020.tex","",31,96,,0,,96,0
453,"テクニカルフィニッシュ効果アップ","ui/icon/006000/006357.tex","",38,150,,0,"",150,0
454,"エスプリ効果アップ","ui/icon/006000/006358.tex","",38,150,,0,"",150,0
455,"フラリッシュ効果アップ","ui/icon/006000/006359.tex","",38,150,,0,"",150,0
456,"守りのサンバ効果アップ","ui/icon/006000/006360.tex","",38,150,,0,,150,0
457,"攻めのタンゴ効果アップ","ui/icon/006000/006361.tex","",38,150,,0,"",150,0
458,"極性マスタリーII","ui/icon/005000/005366.tex","",7,55,,0,"",55,0
459,"極性マスタリーIII","ui/icon/005000/005367.tex","",7,55,,0,"",55,0
460,"エノキアン","ui/icon/005000/005368.tex","",25,26,,67217,"",26,0
461,"ファウル効果アップ","ui/icon/005000/005369.tex","",25,26,,0,"",26,0
462,"極性マスタリーIV","ui/icon/005000/005370.tex","",25,26,,0,"",26,0
463,"マナフォント効果アップ","ui/icon/005000/005371.tex","",25,26,,0,,26,0
464,"激成魔効果アップII","ui/icon/005000/005372.tex","",0,0,,0,"剣術士",0,0
465,"極性マスタリーV","ui/icon/005000/005373.tex","",25,26,,0,"",26,0
466,"エーテルチャージ効果アップ","ui/icon/005000/005396.tex","",26,69,,66639,"",69,0
467,"エーテルチャージ効果アップII","ui/icon/005000/005397.tex","",26,69,,0,"",69,0
468,"サモン・ルビーマスタリー","ui/icon/005000/005682.tex","",27,28,,66627,"",28,0
469,"サモン・トパーズマスタリー","ui/icon/005000/005683.tex","",27,28,,66628,"",28,0
470,"サモン・エメラルドマスタリー","ui/icon/005000/005684.tex","",27,28,,66631,"",28,0
471,"エンキンドル","ui/icon/005000/005685.tex","",27,28,,66632,"",28,0
472,"",,"",0,0,,0,"",0,0
473,"ルインマスタリーII","ui/icon/005000/005687.tex","",27,28,,67638,"",28,0
474,"エーテルチャージマスタリー","ui/icon/005000/005690.tex","",27,28,,67640,"",28,0
475,"エナジーサイフォン効果アップ","ui/icon/005000/005691.tex","",27,28,,0,"",28,0
476,"ルインマスタリーIII","ui/icon/005000/005688.tex","",27,28,,0,"",28,0
477,"アウトバーストマスタリー","ui/icon/005000/005692.tex","",27,28,,0,"",28,0
478,"アウトバーストマスタリーII","ui/icon/005000/005693.tex","",27,28,,0,"",28,0
479,"ルインマスタリーIV","ui/icon/005000/005689.tex","",27,28,,0,"",28,0
480,"守りの光効果アップ","ui/icon/005000/005694.tex","",27,28,,0,"剣術士",28,0
481,"エンキンドルII","ui/icon/005000/005695.tex","",27,28,,0,"",28,0
482,"魔法剣効果アップ","ui/icon/006000/006208.tex","",35,112,,0,"",112,0
483,"赤魔法マスタリーII","ui/icon/006000/006209.tex","",35,112,,0,"",112,0
484,"赤魔法マスタリーIII","ui/icon/006000/006210.tex","",35,112,,0,"",112,0
485,"アクセラレーション効果アップ","ui/icon/006000/006211.tex","",35,112,,0,"剣術士",112,0
486,"マナフィケーション効果アップII","ui/icon/006000/006212.tex","",35,112,,0,"",112,0
487,"グレアマスタリー","ui/icon/005000/005343.tex","",24,25,,0,"",25,0
488,"ホーリーマスタリー","ui/icon/005000/005344.tex","",24,25,,0,"",25,0
489,"回復アクション効果アップ","ui/icon/006000/006826.tex","",24,25,,0,"",25,0
490,"ディヴァインベニゾン効果アップ","ui/icon/005000/005345.tex","",24,25,,0,"剣術士",25,0
491,"炎法マスタリーIV","ui/icon/005000/005704.tex","",28,29,,0,"",29,0
492,"破陣法マスタリー","ui/icon/005000/005705.tex","",28,29,,0,"",29,0
493,"回復アクション効果アップ","ui/icon/006000/006826.tex","",28,29,,0,"",29,0
494,"展開戦術効果アップ","ui/icon/005000/005706.tex","",28,29,,0,,29,0
495,"ドロー効果アップ","ui/icon/006000/006115.tex","",0,0,,0,"",0,0
496,"ドロー効果アップII","ui/icon/006000/006116.tex","",0,0,,0,"",0,0
497,"マレフィクマスタリーIV","ui/icon/006000/006117.tex","",33,99,,0,"",99,0
498,"グラビデマスタリー","ui/icon/006000/006118.tex","",33,99,,0,"",99,0
499,"回復アクション効果アップ","ui/icon/006000/006826.tex","",33,99,,0,"",99,0
500,"星天交差効果アップ","ui/icon/006000/006119.tex","",33,99,,0,"剣術士",99,0
501,"宙泉釣り","ui/icon/005000/005487.tex","",18,19,,0,"",19,0
502,"サモン・バハムート効果アップ","ui/icon/005000/005696.tex","",27,28,,0,"",28,0
503,"エレメントマスタリー","ui/icon/005000/005697.tex","",27,28,,0,"",28,0
504,"アクション威力アップ","ui/icon/006000/006801.tex","",19,20,,0,"",20,0
505,"アクション威力アップ","ui/icon/006000/006801.tex","",21,22,,0,"",22,0
506,"アクション威力アップ","ui/icon/006000/006801.tex","",32,98,,0,"",98,0
507,"アクション威力アップ","ui/icon/006000/006801.tex","",37,149,,0,"",149,0
508,"ランスマスタリーIII","ui/icon/005000/005292.tex","",22,23,,0,"",23,0
509,"エノキアン効果アップIII","ui/icon/005000/005374.tex","",25,26,,0,"採掘師",26,0
510,"ピュシスマスタリー","ui/icon/006000/006459.tex","",40,181,,0,"",181,0
511,"影身具現効果アップ","ui/icon/006000/006065.tex","",32,98,,0,"",98,0
512,"爆裂脚マスタリー","ui/icon/005000/005248.tex","",20,21,,0,"",21,0
513,"闘魂旋風脚マスタリー","ui/icon/005000/005247.tex","",20,21,,0,"",21,0
514,"意気衝天効果アップ","ui/icon/006000/006157.tex","",34,111,,0,"",111,0
515,"終撃皆伝","ui/icon/005000/005420.tex","",30,92,,67222,"",92,0
516,"アクション威力アップ","ui/icon/006000/006801.tex","",30,92,,0,"",92,0
517,"アクション威力アップ","ui/icon/006000/006801.tex","",31,96,,0,"",96,0
518,"アクション威力アップ","ui/icon/006000/006801.tex","",20,21,,0,"",21,0
519,"風雅皆伝","ui/icon/006000/006158.tex","",34,111,,0,"",111,0
520,"アクション威力アップ","ui/icon/006000/006801.tex","",34,111,,0,"",111,0
521,"アクション威力アップII","ui/icon/006000/006802.tex","",34,111,,0,"",111,0
522,"アクション威力アップII","ui/icon/006000/006802.tex","",30,92,,0,"",92,0
523,"アクション威力アップII","ui/icon/006000/006802.tex","",39,180,,0,"",180,0
524,"牙の技効果アップ","ui/icon/006000/006501.tex","",41,196,,0,"",196,0
525,"大牙の技効果アップ","ui/icon/006000/006502.tex","",41,196,,0,"",196,0
526,"蛇の技効果アップ","ui/icon/006000/006503.tex","",41,196,,0,"",196,0
527,"大蛇の技効果アップ","ui/icon/006000/006504.tex","",41,196,,0,"",196,0
528,"飛蛇の魂","ui/icon/006000/006505.tex","",41,196,,0,"",196,0
529,"蛇行効果アップ","ui/icon/006000/006506.tex","",41,196,,0,"格闘士",196,0
530,"飛蛇の魂効果アップ","ui/icon/006000/006507.tex","",41,196,,0,"",196,0
531,"祖霊の魂","ui/icon/006000/006508.tex","",41,196,,0,"",196,0
532,"飛蛇の尾効果アップ","ui/icon/006000/006510.tex","",41,196,,0,"",196,0
533,"祖霊の魂効果アップ","ui/icon/006000/006511.tex","",41,196,,0,"",196,0
534,"祖霊の牙マスタリー","ui/icon/006000/006509.tex","",41,196,,0,"",196,0
535,"",,"",0,0,,0,"",0,0
536,"",,"",0,0,,0,"",0,0
537,"パレットゲージ","ui/icon/006000/006551.tex","",42,197,,0,"",197,0
538,"絵画魔法効果アップ","ui/icon/006000/006552.tex","",42,197,,0,"",197,0
539,"スマッジ効果アップ","ui/icon/006000/006553.tex","",42,197,,0,"",197,0
540,"ピクト効果アップII","ui/icon/006000/006554.tex","",42,197,,0,"剣術士",197,0
541,"テンペラ効果アップ","ui/icon/006000/006555.tex","",42,197,,0,"",197,0
542,"サブトラクト効果アップ","ui/icon/006000/006556.tex","",42,197,,0,"",197,0
543,"ピクト効果アップIII","ui/icon/006000/006560.tex","",42,197,,0,"",197,0
544,"ピクト効果アップV","ui/icon/006000/006561.tex","",42,197,,0,"",197,0
545,"ピクト効果アップIV","ui/icon/006000/006559.tex","",42,197,,0,"格闘士",197,0
546,"ピクト効果アップ","ui/icon/006000/006558.tex","",42,197,,0,"",197,0
547,"",,"",0,0,,0,"",0,0
548,"精密作業マスタリー","ui/icon/006000/006951.tex","",8,9,,0,"",9,0
549,"精密作業マスタリー","ui/icon/006000/006952.tex","",9,10,,0,"",10,0
550,"精密作業マスタリー","ui/icon/006000/006953.tex","",10,11,,0,"",11,0
551,"精密作業マスタリー","ui/icon/006000/006954.tex","",11,12,,0,"",12,0
552,"精密作業マスタリー","ui/icon/006000/006955.tex","",12,13,,0,"",13,0
553,"精密作業マスタリー","ui/icon/006000/006956.tex","",13,14,,0,"",14,0
554,"精密作業マスタリー","ui/icon/006000/006957.tex","",14,15,,0,"",15,0
555,"精密作業マスタリー","ui/icon/006000/006958.tex","",15,16,,0,"",16,0
556,"匠の好機","ui/icon/006000/006975.tex","",8,9,,0,"",9,0
557,"匠の好機","ui/icon/006000/006975.tex","",9,10,,0,"",10,0
558,"匠の好機","ui/icon/006000/006975.tex","",10,11,,0,"",11,0
559,"匠の好機","ui/icon/006000/006975.tex","",11,12,,0,"",12,0
560,"匠の好機","ui/icon/006000/006975.tex","",12,13,,0,"",13,0
561,"匠の好機","ui/icon/006000/006975.tex","",13,14,,0,"",14,0
562,"匠の好機","ui/icon/006000/006975.tex","",14,15,,0,"",15,0
563,"匠の好機","ui/icon/006000/006975.tex","",15,16,,0,"",16,0
564,"センチネルマスタリー","ui/icon/005000/005202.tex","",19,20,,0,"",20,0
565,"レクイエスカットマスタリー","ui/icon/005000/005223.tex","",19,20,,0,"",20,0
566,"ブレード・オブ・ヴァラー効果アップ","ui/icon/005000/005224.tex","",19,20,,0,"",20,0
567,"ヴェンジェンスマスタリー","ui/icon/005000/005271.tex","",21,22,,0,"",22,0
568,"原初の解放効果アップ","ui/icon/005000/005272.tex","",21,22,,0,"",22,0
569,"プライマルレンド効果アップ","ui/icon/005000/005273.tex","",21,22,,0,"",22,0
570,"ブラッドウェポンマスタリー","ui/icon/006000/006053.tex","",32,98,,0,"",98,0
571,"シャドウウォールマスタリー","ui/icon/006000/006068.tex","",32,98,,0,"",98,0
572,"ブラッドデリリアム効果アップ","ui/icon/006000/006069.tex","",32,98,,0,"",98,0
573,"影身具現効果アップIII","ui/icon/006000/006070.tex","",32,98,,0,"",98,0
574,"ネビュラマスタリー","ui/icon/006000/006308.tex","",37,149,,0,"",149,0
575,"コンティニュエーション効果アップII","ui/icon/006000/006309.tex","",37,149,,0,"",149,0
576,"ブラッドソイル効果アップ","ui/icon/006000/006310.tex","",37,149,,0,"",149,0
577,"象形拳","ui/icon/005000/005249.tex","",20,21,,0,"",21,0
578,"疾風の極意効果アップ","ui/icon/005000/005526.tex","",20,21,,0,"",21,0
579,"紅蓮の極意効果アップ","ui/icon/005000/005527.tex","",20,21,,0,"",21,0
580,"ウィンググライド効果アップ","ui/icon/005000/005295.tex","",22,23,,0,"剣術士",23,0
581,"ドラゴンダイブ効果アップ","ui/icon/005000/005296.tex","",22,23,,0,"",23,0
582,"ランスマスタリーIV","ui/icon/005000/005293.tex","",22,23,,0,"",23,0
583,"スターダイバー効果アップ","ui/icon/005000/005298.tex","",22,23,,0,"",23,0
584,"攻撃速度アップ","ui/icon/005000/005421.tex","",30,92,,0,"",92,0
585,"ぶんどる皆伝","ui/icon/005000/005422.tex","",30,92,,0,"",92,0
586,"だまし討ち皆伝","ui/icon/005000/005423.tex","",30,92,,0,"",92,0
587,"毒盛の術効果アップ","ui/icon/005000/005424.tex","",30,92,,0,"",92,0
588,"天地人効果アップ","ui/icon/005000/005726.tex","",30,92,,0,"",92,0
589,"心眼皆伝","ui/icon/006000/006159.tex","",34,111,,0,"",111,0
590,"刃風皆伝","ui/icon/006000/006160.tex","",34,111,,0,"",111,0
591,"必殺剣効果アップ","ui/icon/006000/006161.tex","",34,111,,0,,111,0
592,"意気衝天効果アップII","ui/icon/006000/006162.tex","",34,111,,0,"",111,0
593,"明鏡止水効果アップII","ui/icon/006000/006163.tex","",34,111,,0,"",111,0
594,"レムールシュラウド効果アップ","ui/icon/006000/006411.tex","",39,180,,0,"",180,0
595,"",,"",0,0,,0,"",0,0
596,"グラトニー効果アップ","ui/icon/006000/006413.tex","",39,180,,0,"",180,0
597,"プレンティフルハーベスト効果アップ","ui/icon/006000/006414.tex","",39,180,,0,"",180,0
598,"ワイドボレーマスタリー","ui/icon/005000/005322.tex","",23,24,,0,"",24,0
599,"ブラッドレッターマスタリー","ui/icon/005000/005323.tex","",23,24,,0,"",24,0
600,"乱れ撃ち効果アップ","ui/icon/005000/005301.tex","",23,24,,0,"",24,0
601,"トルバドゥール効果アップII","ui/icon/005000/005324.tex","",23,24,,0,"",24,0
602,"光神のフィナーレ効果アップ","ui/icon/005000/005601.tex","",23,24,,0,"",24,0
603,"ヒートブラストマスタリー","ui/icon/006000/006021.tex","",31,96,,0,"",96,0
604,"チャージアクションマスタリー","ui/icon/006000/006022.tex","",31,96,,0,"",96,0
605,"マルチウェポン効果アップ","ui/icon/006000/006023.tex","",31,96,,0,"剣術士",96,0
606,"マルチウェポン効果アップII","ui/icon/006000/006024.tex","",31,96,,0,"",96,0
607,"タクティシャン効果アップII","ui/icon/006000/006025.tex","",31,96,,0,"",96,0
608,"バレルヒーター効果アップ","ui/icon/006000/006026.tex","",31,96,,0,"",96,0
609,"スタンダードフィニッシュ効果アップ","ui/icon/006000/006362.tex","",38,150,,0,"",150,0
610,"フラリッシュ効果アップII","ui/icon/006000/006363.tex","",38,150,,0,"",150,0
611,"守りのサンバ効果アップII","ui/icon/006000/006364.tex","",38,150,,0,"",150,0
612,"テクニカルフィニッシュ効果アップII","ui/icon/006000/006365.tex","",38,150,,0,"",150,0
613,"サンダーマスタリーIII","ui/icon/005000/005651.tex","",25,26,,0,"",26,0
614,"黒魔紋効果アップ","ui/icon/005000/005652.tex","",25,26,,0,"",26,0
615,"ポリグロット効果アップII","ui/icon/005000/005653.tex","",25,26,,0,"",26,0
616,"アストラルファイア効果アップ","ui/icon/005000/005654.tex","",25,26,,0,"",26,0
617,"ミアズマバーストマスタリー","ui/icon/005000/005398.tex","",27,28,,0,"",28,0
618,"シアリングライト効果アップ","ui/icon/005000/005399.tex","",27,28,,0,"",28,0
619,"サモン・バハムート効果アップII","ui/icon/005000/005698.tex","",27,28,,0,"",28,0
620,"エンボルデン効果アップ","ui/icon/006000/006213.tex","",35,112,,0,"",112,0
621,"アクセラレーション効果アップII","ui/icon/006000/006214.tex","",35,112,,0,"",112,0
622,"マナフィケーション効果アップIII","ui/icon/006000/006215.tex","",35,112,,0,"",112,0
623,"神速魔効果アップ","ui/icon/005000/005346.tex","",24,25,,0,"",25,0
624,"メディカラマスタリー","ui/icon/005000/005347.tex","",24,25,,0,"",25,0
625,"テトラグラマトン効果アップ","ui/icon/005000/005349.tex","",24,25,,0,"剣術士",25,0
626,"テンパランス効果アップ","ui/icon/005000/005348.tex","",24,25,,0,"",25,0
627,"連環計効果アップ","ui/icon/005000/005707.tex","",28,29,,0,"",29,0
628,"士気高揚の策マスタリー","ui/icon/005000/005708.tex","",28,29,,0,"",29,0
629,"秘策効果アップ","ui/icon/005000/005710.tex","",28,29,,0,,29,0
630,"",,"",0,0,,0,"",0,0
631,"マイナーアルカナマスタリー","ui/icon/006000/006120.tex","",33,99,,0,"",99,0
632,"ディヴィネーション効果アップ","ui/icon/006000/006121.tex","",33,99,,0,"",99,0
633,"アスペクト・ヘリオスマスタリー","ui/icon/006000/006122.tex","",33,99,,0,"",99,0
634,"ディグニティ効果アップII","ui/icon/006000/006124.tex","",33,99,,0,"格闘士",99,0
635,"ニュートラルセクト効果アップ","ui/icon/006000/006123.tex","",33,99,,0,"",99,0
636,"ソーテリア効果アップ","ui/icon/006000/006461.tex","",40,181,,0,,181,0
637,"エウクラシア・プログノシスマスタリー","ui/icon/006000/006460.tex","",40,181,,0,"",181,0
638,"ピュシスII効果アップ","ui/icon/006000/006462.tex","",40,181,,0,"",181,0
639,"ランパート効果アップ","ui/icon/006000/006804.tex","",0,113,,0,"",113,0
640,"リプライザル効果アップ","ui/icon/006000/006805.tex","",0,113,,0,"",113,0
641,"牽制効果アップ","ui/icon/006000/006851.tex","",0,114,,0,"",114,0
642,"内丹効果アップ","ui/icon/006000/006852.tex","",0,118,,0,"",118,0
643,"アドル効果アップ","ui/icon/006000/006827.tex","",0,198,,0,"",198,0
644,"迅速魔効果アップ","ui/icon/006000/006828.tex","",0,199,,0,,199,0
645,"強活眼","ui/icon/005000/005447.tex","",16,17,,67631,"",17,0
646,"強活眼","ui/icon/005000/005472.tex","",17,18,,67631,"",18,0
647,"再発見","ui/icon/005000/005446.tex","",16,17,,0,"",17,0
648,"再発見","ui/icon/005000/005471.tex","",17,18,,0,"",18,0
649,"漁師の慧眼","ui/icon/005000/005480.tex","",18,19,,0,"",19,0
650,"アクション威力アップII","ui/icon/006000/006802.tex","",19,20,,0,"",20,0
651,"アクション威力アップ","ui/icon/006000/006831.tex","",24,25,,0,"",25,0
652,"アクション威力アップ","ui/icon/006000/006831.tex","",35,112,,0,"",112,0
653,"アクション威力アップ","ui/icon/006000/006806.tex","",22,23,,0,"",23,0
654,"アクション威力アップII","ui/icon/006000/006802.tex","",21,22,,0,"",22,0
655,"アクション威力アップIII","ui/icon/006000/006803.tex","",34,111,,0,"",111,0
656,"アクション威力アップ","ui/icon/006000/006831.tex","",28,29,,0,"",29,0
657,"アクション威力アップIII","ui/icon/006000/006803.tex","",39,180,,0,"",180,0
658,"アクション威力アップII","ui/icon/006000/006802.tex","",31,96,,0,"",96,0
659,"エノキアン効果アップIV","ui/icon/005000/005655.tex","",25,26,,0,"戦士",26,0
660,"アクション威力アップII","ui/icon/006000/006802.tex","",20,21,,0,"",21,0
661,"アクション威力アップIII","ui/icon/006000/006803.tex","",30,92,,0,"",92,0
662,"アクション威力アップ","ui/icon/006000/006806.tex","",38,150,,0,"",150,0
663,"アクション威力アップII","ui/icon/006000/006802.tex","",32,98,,0,"",98,0
664,"アクション威力アップ","ui/icon/006000/006831.tex","",27,28,,0,"",28,0
665,"ファイト・オア・フライト効果アップ","ui/icon/005000/005205.tex","",19,20,,67570,"",20,0
666,"ノー・マーシー効果アップ","ui/icon/006000/006311.tex","",37,149,,0,"",149,0
667,"アクション威力アップII","ui/icon/006000/006802.tex","",37,149,,0,"",149,0
668,"アクション威力アップ","ui/icon/006000/006806.tex","",23,24,,0,"",24,0
669,"アクション威力アップ","ui/icon/006000/006831.tex","",40,181,,0,"",181,0
670,"アクションダメージ・回復量アップ","ui/icon/005000/005185.tex","",42,197,,0,"鍛冶師",197,0
671,"アクションダメージ・回復量アップII","ui/icon/005000/005186.tex","",42,197,,0,"ファイター",197,0
672,"アクション威力アップ","ui/icon/006000/006829.tex","",42,197,,0,"",197,0
673,"アクション威力アップ","ui/icon/006000/006831.tex","",33,99,,0,"",99,0
674,"アクション威力アップ","ui/icon/006000/006801.tex","",41,196,,0,"",196,0
675,"アクション威力アップII","ui/icon/006000/006802.tex","",41,196,,0,"",196,0
676,"アクション威力アップII","ui/icon/006000/006830.tex","",42,197,,0,"",197,0
677,"アクション威力アップIII","ui/icon/006000/006832.tex","",42,197,,0,"",197,0
678,"アクション威力アップIV","ui/icon/006000/006833.tex","",42,197,,0,"",197,0
679,"",,"",0,0,,0,"",0,0
680,"",,"",0,0,,0,"",0,0
681,"",,"",0,0,,0,"",0,0
682,"",,"",0,0,,0,"",0,0
683,"",,"",0,0,,0,"",0,0
684,"",,"",0,0,,0,"",0,0
685,"",,"",0,0,,0,"",0,0
686,"",,"",0,0,,0,"",0,0
687,"",,"",0,0,,0,"",0,0
688,"",,"",0,0,,0,"",0,0
689,"",,"",0,0,,0,"",0,0
690,"",,"",0,0,,0,"",0,0
691,"",,"",0,0,,0,"",0,0
692,"",,"",0,0,,0,"",0,0
693,"",,"",0,0,,0,"",0,0
694,"",,"",0,0,,0,"",0,0
695,"",,"",0,0,,0,"",0,0
696,"",,"",0,0,,0,"",0,0
697,"",,"",0,0,,0,"",0,0
698,"",,"",0,0,,0,"",0,0
699,"",,"",0,0,,0,"",0,0
700,"",,"",0,0,,0,"",0,0
701,"",,"",0,0,,0,"",0,0
702,"",,"",0,0,,0,"",0,0
703,"",,"",0,0,,0,"",0,0
704,"",,"",0,0,,0,"",0,0
705,"",,"",0,0,,0,"",0,0
706,"",,"",0,0,,0,"",0,0
707,"",,"",0,0,,0,"",0,0
708,"",,"",0,0,,0,"",0,0
709,"",,"",0,0,,0,"",0,0
710,"",,"",0,0,,0,"",0,0
711,"",,"",0,0,,0,"",0,0
712,"",,"",0,0,,0,"",0,0
713,"",,"",0,0,,0,"",0,0
714,"",,"",0,0,,0,"",0,0
715,"",,"",0,0,,0,"",0,0
716,"",,"",0,0,,0,"",0,0
717,"",,"",0,0,,0,"",0,0
718,"",,"",0,0,,0,"",0,0
719,"",,"",0,0,,0,"",0,0
720,"",,"",0,0,,0,"",0,0
721,"",,"",0,0,,0,"",0,0
722,"",,"",0,0,,0,"",0,0
723,"",,"",0,0,,0,"",0,0
724,"",,"",0,0,,0,"",0,0
725,"",,"",0,0,,0,"",0,0
726,"",,"",0,0,,0,"",0,0
727,"",,"",0,0,,0,"",0,0
728,"",,"",0,0,,0,"",0,0
729,"",,"",0,0,,0,"",0,0
730,"",,"",0,0,,0,"",0,0
731,"",,"",0,0,,0,"",0,0
732,"",,"",0,0,,0,"",0,0
733,"",,"",0,0,,0,"",0,0
734,"",,"",0,0,,0,"",0,0
735,"",,"",0,0,,0,"",0,0
736,"",,"",0,0,,0,"",0,0
737,"",,"",0,0,,0,"",0,0
738,"",,"",0,0,,0,"",0,0
739,"",,"",0,0,,0,"",0,0
740,"",,"",0,0,,0,"",0,0
741,"",,"",0,0,,0,"",0,0
742,"",,"",0,0,,0,"",0,0
743,"",,"",0,0,,0,"",0,0
744,"",,"",0,0,,0,"",0,0
745,"",,"",0,0,,0,"",0,0
746,"",,"",0,0,,0,"",0,0
747,"",,"",0,0,,0,"",0,0
748,"",,"",0,0,,0,"",0,0
749,"",,"",0,0,,0,"",0,0
750,"",,"",0,0,,0,"",0,0
