key,0,1,2,3,4,5,6,7,8,9,10,11,12,13,14,15
#,,,,,,,,,,,,,,,,
int32,str,str,str,str,str,byte,uint16,byte,uint32,int32,uint32,uint32,byte,byte,byte,byte
0,"","","","","",0,158,0,0,0,0,0,0,0,0,0
1,"「第一次基地拡張計画」　資材準備中
 <UIForeground>F2023B</UIForeground><UIGlow>F2023C</UIGlow>コスモミッションに参加して資材を集めよう！","「第一次基地拡張計画」　資材準備中","ムーンゲート基地を拡張するべく、一緒に資材を集めてほしいッスよー！
資材調達のためのコスモミッションに、ご協力くださいッス！","いよいよッス！　ムーンゲート基地を拡張するべく、一緒に資材を集めてほしいッスよー！","サーチングウェイ",0,158,1,241001,0,0,0,0,0,2,3
2,"「第一次基地拡張計画」　共同施工作業準備中
<UIForeground>F2023B</UIForeground><UIGlow>F2023C</UIGlow>共同施工作業の開始に備えよう！","「第一次基地拡張計画」　共同施工作業準備中","ムーンゲート基地拡張のための、共同施工作業の開催時刻が決まったッス！
開催時には、ぜひぜひ協力してほしいッスー！","ムーンゲート基地拡張のための、共同施工作業の開催時刻が決まったッス！　協力してほしいッスー！","サーチングウェイ",0,158,2,241001,1451,0,0,0,0,2,3
3,"「第一次基地拡張計画」　共同施工作業実施中
<UIForeground>F2023B</UIForeground><UIGlow>F2023C</UIGlow>共同施工作業に参加しよう！","「第一次基地拡張計画」　共同施工作業実施中","ムーンゲート基地拡張のための、共同施工作業を開催中ッス！
ぜひぜひ参加してほしいッスー！","ムーンゲート基地拡張のための、共同施工作業を開催中ッス！　ぜひぜひ参加してほしいッスー！","サーチングウェイ",0,158,3,241001,0,0,0,0,0,2,3
4,"ムーンゲート基地「ベースキャンプII」　完工
<UIForeground>F2023B</UIForeground><UIGlow>F2023C</UIGlow>次の作業を計画中、自由に過ごそう！","ムーンゲート基地「ベースキャンプII」　完工","ムーンゲート基地が、いい感じに拡張されたッス！
探索活動もますます捗っていくはず……ご協力、ありがとうッスよー！","ムーンゲート基地が、いい感じに拡張されたッス！　ご協力、ありがとうッスよー！","サーチングウェイ",1,158,4,241002,1406,18,0,5,0,2,3
5,"「第一次コスモライナー敷設支援」　資材集積中
 <UIForeground>F2023B</UIForeground><UIGlow>F2023C</UIGlow>コスモミッションに参加して資材を集めよう！","「第一次コスモライナー敷設支援」　資材集積中","ムーンゲート基地付近に、移動のためのコスモライナーを敷設するッスよ！
資材調達のためのコスモミッションに、協力してほしいッスー！","ムーンゲート基地付近に、移動のためのコスモライナーを敷設するッス！　一緒に資材を集めてほしいッスよー！","サーチングウェイ",1,158,5,241003,0,0,0,0,0,2,3
6,"「第一次コスモライナー敷設支援」　共同施工作業準備中
<UIForeground>F2023B</UIForeground><UIGlow>F2023C</UIGlow>共同施工作業の開始に備えよう！","「第一次コスモライナー敷設支援」　共同施工作業準備中","コスモライナー敷設のための、共同施工作業の開催時刻が決まったッス！
開催時には、ぜひぜひ協力してほしいッスー！","コスモライナー敷設のための、共同施工作業の開催時刻が決まったッス！　協力してほしいッスー！","サーチングウェイ",1,158,6,241003,1451,0,0,0,0,2,3
7,"「第一次コスモライナー敷設支援」　共同施工作業実施中
<UIForeground>F2023B</UIForeground><UIGlow>F2023C</UIGlow>共同施工作業に参加しよう！","「第一次コスモライナー敷設支援」　共同施工作業実施中","ムーンゲート基地付近にコスモライナーを敷設するための、共同施工作業を開催中ッス！
ぜひぜひ参加してほしいッスー！","基地付近にコスモライナーを敷設するための、共同施工作業を開催中ッス！　ぜひぜひ参加してほしいッスー！","サーチングウェイ",1,158,7,241003,0,0,0,0,0,2,3
8,"「コスモライナー：内周部」　敷設完了
<UIForeground>F2023B</UIForeground><UIGlow>F2023C</UIGlow>次の作業を計画中、自由に過ごそう！","「コスモライナー：内周部」　敷設完了","ムーンゲート基地付近にコスモライナーが敷設されたッス！
移動が便利になって遠くまで探索へ行けるッスね、ご協力ありがとうッスよー！","ムーンゲート基地付近にコスモライナーが敷設されたッス！　ご協力、ありがとうッスよー！","サーチングウェイ",2,158,8,241004,1405,18,1,5,0,2,3
9,"居住モジュール、コスモポート　建設資材準備中
 <UIForeground>F2023B</UIForeground><UIGlow>F2023C</UIGlow>コスモミッションに参加して資材を集めよう！","居住モジュール、コスモポート　建設資材準備中","居住モジュールと、宇宙船を発着させるコスモポートを建設するッスよ！
資材調達のためのコスモミッションに、協力してほしいッスー！","居住モジュールと、宇宙船を発着させるコスモポート建設のため、一緒に資材を集めてほしいッスよー！","サーチングウェイ",2,158,9,241005,0,0,0,0,0,2,3
10,"「居住モジュール設置支援」　共同施工作業準備中
<UIForeground>F2023B</UIForeground><UIGlow>F2023C</UIGlow>共同施工作業の開始に備えよう！","「居住モジュール設置支援」　共同施工作業準備中","居住モジュール建設のための共同施工作業の開催時刻が決まったッス！
開催時には、ぜひぜひ協力してほしいッスー！","居住モジュール建設のための共同施工作業の開催時刻が決まったッス！　協力してほしいッスー！","サーチングウェイ",2,158,10,241005,1451,0,0,0,0,2,3
11,"「居住モジュール設置支援」　共同施工作業実施中
<UIForeground>F2023B</UIForeground><UIGlow>F2023C</UIGlow>共同施工作業に参加しよう！","「居住モジュール設置支援」　共同施工作業実施中","居住モジュール建設のための、共同施工作業を開催中ッス！
ぜひぜひ参加してほしいッスー！","居住モジュール建設のための、共同施工作業を開催中ッス！　ぜひぜひ参加してほしいッスー！","サーチングウェイ",2,158,11,241005,0,0,0,0,0,2,3
12,"「第一次コスモポート整備支援」　資材準備中
<UIForeground>F2023B</UIForeground><UIGlow>F2023C</UIGlow>共同施工作業の開始に備えよう！","「第一次コスモポート整備支援」　資材準備中","コスモポート建設のための、共同施工作業の開催時刻が決まったッス！
開催時には、ぜひぜひ協力してほしいッスー！","コスモポート建設のための共同施工作業の開催時刻が決まったッス！　協力してほしいッスー！","サーチングウェイ",3,158,12,241006,1401,18,2,5,0,2,3
13,"「第一次コスモポート整備支援」　共同施工作業実施中
<UIForeground>F2023B</UIForeground><UIGlow>F2023C</UIGlow>共同施工作業に参加しよう！","「第一次コスモポート整備支援」　共同施工作業実施中","コスモポート建設のための、共同施工作業を開催中ッス！
ぜひぜひ参加してほしいッスー！","コスモポート建設のための、共同施工作業を開催中ッス！　ぜひぜひ参加してほしいッスー！","サーチングウェイ",3,158,12,241006,0,0,0,0,0,2,3
14,"居住モジュール、コスモポート　完工
<UIForeground>F2023B</UIForeground><UIGlow>F2023C</UIGlow>次の作業を計画中、自由に過ごそう！","居住モジュール、コスモポート　完工","居住モジュールと、コスモポートが建設されたッス！
いよいよ基地らしくなってきたッスね、ご協力ありがとうッスよー！","居住モジュール、コスモポートが建設されたッス！　ご協力、ありがとうッスよー！","サーチングウェイ",4,158,13,241007,1401,18,3,5,0,2,3
15,"「第一次ハンガー拡張計画」　資材準備中
<UIForeground>F2023B</UIForeground><UIGlow>F2023C</UIGlow>コスモミッションに参加して資材を集めよう！","「第一次ハンガー拡張計画」　資材準備中","ローダーハンガーを高機能に改築するッス！
資材調達のためのコスモミッションに、協力してほしいッスー！","ローダーハンガーを高機能に改築するッス！　一緒に資材を集めてほしいッスよー！","サーチングウェイ",4,158,14,241008,0,0,0,0,0,2,3
16,"「第一次ハンガー拡張計画」　共同施工作業準備中
 <UIForeground>F2023B</UIForeground><UIGlow>F2023C</UIGlow>共同施工作業の開始に備えよう！","「第一次ハンガー拡張計画」　共同施工作業準備中","ローダーハンガー改築のための共同施工作業の開催時刻が決まったッス！
開催時には、ぜひぜひ協力してほしいッスー！","ローダーハンガー改築のための共同施工作業の開催時刻が決まったッス！　協力してほしいッスー！","サーチングウェイ",4,158,15,241008,1451,0,0,0,0,2,3
17,"「第一次ハンガー拡張計画」　共同施工作業実施中
<UIForeground>F2023B</UIForeground><UIGlow>F2023C</UIGlow>共同施工作業に参加しよう！","「第一次ハンガー拡張計画」　共同施工作業実施中","ローダーハンガー改築のための共同施工作業を開催中ッス！
ぜひぜひ参加してほしいッスー！","ローダーハンガー改築のための共同施工作業を開催中ッス！　ぜひぜひ参加してほしいッスー！","サーチングウェイ",4,158,16,241008,0,0,0,0,0,2,3
18,"「ローダーハンガーII」　完工
<UIForeground>F2023B</UIForeground><UIGlow>F2023C</UIGlow>次の作業を計画中、自由に過ごそう！","「ローダーハンガーII」　完工","ローダーハンガーが高機能に改築されたッス！
これでローダーもますます活躍してくはず……ご協力、ありがとうッスよー！","ローダーハンガーが高機能に改築されたッス！　ご協力、ありがとうッスよー！","サーチングウェイ",5,158,17,241009,1402,18,4,5,0,2,3
19,"「第二次コスモライナー敷設計画」　資材準備中
 <UIForeground>F2023B</UIForeground><UIGlow>F2023C</UIGlow>コスモミッションに参加して資材を集めよう！","「第二次コスモライナー敷設計画」　資材準備中","北西部のコスモライナーを敷設するッス！
資材調達のためのコスモミッションに、協力してほしいッスー！","北西部のコスモライナーを敷設するッス！　一緒に資材を集めてほしいッスよー！","サーチングウェイ",5,158,18,241010,0,0,0,0,0,2,3
20,"「第二次コスモライナー敷設計画」　敷設中
<UIForeground>F2023B</UIForeground><UIGlow>F2023C</UIGlow>コスモライナーの完成を待とう！","「第二次コスモライナー敷設計画」　敷設中","北西部のコスモライナー敷設の、完工予定時刻が決まったッス！
完工したらもっと便利になるから、もう少し待っててほしいッスー！","北西部のコスモライナー敷設の、完工予定時刻が決まったッス！","サーチングウェイ",5,158,18,241010,1452,0,0,0,0,2,3
21,"「コスモライナー：北西部」　敷設完了
<UIForeground>F2023B</UIForeground><UIGlow>F2023C</UIGlow>次の作業を計画中、自由に過ごそう！","「コスモライナー：北西部」　敷設完了","北西部のコスモライナーが敷設されたッス！
北西部への探索が捗るはずッスね、ご協力ありがとうッスよー！","北西部のコスモライナーが敷設されたッス！　ご協力、ありがとうッスよー！","サーチングウェイ",6,158,19,241011,1407,18,5,5,0,2,3
22,"「第三次コスモライナー敷設計画」　資材準備中
 <UIForeground>F2023B</UIForeground><UIGlow>F2023C</UIGlow>コスモミッションに参加して資材を集めよう！","「第三次コスモライナー敷設計画」　資材準備中","南東部のコスモライナーを敷設するッス！
資材調達のためのコスモミッションに、協力してほしいッスー！","南東部のコスモライナーを敷設するッス！　一緒に資材を集めてほしいッスよー！","サーチングウェイ",6,158,20,241012,0,0,0,0,0,2,3
23,"「第三次コスモライナー敷設計画」　敷設中
<UIForeground>F2023B</UIForeground><UIGlow>F2023C</UIGlow>コスモライナーの完成を待とう！","「第三次コスモライナー敷設計画」　敷設中","南東部のコスモライナー敷設の、完工予定時刻が決まったッス！
完工したらもっと便利になるから、もう少し待っててほしいッスー！","南東部のコスモライナー敷設の、完工予定時刻が決まったッス！","サーチングウェイ",6,158,20,241012,1452,0,0,0,0,2,3
24,"「コスモライナー：南東部」　敷設完了
<UIForeground>F2023B</UIForeground><UIGlow>F2023C</UIGlow>次の作業を計画中、自由に過ごそう！","「コスモライナー：南東部」　敷設完了","南東部のコスモライナーが敷設されたッス！
南東部への探索が捗るはずッスね、ご協力ありがとうッスよー！","南東部のコスモライナーが敷設されたッス！　ご協力、ありがとうッスよー！","サーチングウェイ",7,158,21,241013,1409,18,6,5,0,2,3
25,"「トンネル掘削工事」　資材準備中
 <UIForeground>F2023B</UIForeground><UIGlow>F2023C</UIGlow>コスモミッションに参加して資材を集めよう！","「トンネル掘削工事」　資材準備中","山にトンネルを開通させる工事をするッス！
資材調達のためのコスモミッションに、協力してほしいッスー！","山にトンネルを開通させる工事をするッス！　一緒に資材を集めてほしいッスよー！","サーチングウェイ",7,158,22,241014,0,0,0,0,0,2,3
26,"「第一次トンネル掘削工事」　共同施工作業準備中
 <UIForeground>F2023B</UIForeground><UIGlow>F2023C</UIGlow>共同施工作業の開始に備えよう！","「第一次トンネル掘削工事」　共同施工作業準備中","トンネル開通工事のための、第一回共同施工作業の開催時刻が決まったッス！
開催時には、ぜひぜひ協力してほしいッスー！","トンネル開通工事のための、第一回共同施工作業の開催時刻が決まったッス！　協力してほしいッスー！","サーチングウェイ",7,158,23,241014,1451,0,0,0,0,2,3
27,"「第一次トンネル掘削工事」　共同施工作業実施中
<UIForeground>F2023B</UIForeground><UIGlow>F2023C</UIGlow>共同施工作業に参加しよう！","「第一次トンネル掘削工事」　共同施工作業実施中","トンネル開通工事のための、第一回共同施工作業を開催中ッス！
ぜひぜひ参加してほしいッスー！","トンネル開通工事のための、第一回共同施工作業を開催中ッス！　ぜひぜひ参加してほしいッスー！","サーチングウェイ",7,158,24,241014,0,0,0,0,0,2,3
28,"「第二次トンネル掘削工事」　共同施工作業準備中
<UIForeground>F2023B</UIForeground><UIGlow>F2023C</UIGlow>共同施工作業の開始に備えよう！","「第二次トンネル掘削工事」　共同施工作業準備中","トンネル開通工事のための、第二回共同施工作業の開催時刻が決まったッス！
開催時には、ぜひぜひ協力してほしいッスー！","トンネル開通工事のための、第二回共同施工作業の開催時刻が決まったッス！　協力してほしいッスー！","サーチングウェイ",8,158,25,241015,1401,18,7,5,0,2,3
29,"「第二次トンネル掘削工事」　共同施工作業実施中
<UIForeground>F2023B</UIForeground><UIGlow>F2023C</UIGlow>共同施工作業に参加しよう！","「第二次トンネル掘削工事」　共同施工作業実施中","トンネル開通工事のための、第二回共同施工作業を開催中ッス！
ぜひぜひ参加してほしいッスー！","トンネル開通工事のための、第二回共同施工作業を開催中ッス！　ぜひぜひ参加してほしいッスー！","サーチングウェイ",8,158,25,241015,0,0,0,0,0,2,3
30,"「ピアッシングウェイ・トンネル」　完工
<UIForeground>F2023B</UIForeground><UIGlow>F2023C</UIGlow>次の作業を計画中、自由に過ごそう！","「ピアッシングウェイ・トンネル」　完工","ピアッシングウェイ・トンネルが開通したッス！
トンネルの奥への探索が捗るはずッスね、ご協力ありがとうッスよー！","ピアッシングウェイ・トンネルが開通したッス！　ご協力、ありがとうッスよー！","サーチングウェイ",9,158,26,241016,1408,18,8,5,0,2,3
31,"「第四次コスモライナー敷設計画」　資材準備中
 <UIForeground>F2023B</UIForeground><UIGlow>F2023C</UIGlow>コスモミッションに参加して資材を集めよう！","「第四次コスモライナー敷設計画」　資材準備中","トンネル奥のエリアに、コスモライナーを敷設するッス！
資材調達のためのコスモミッションに、協力してほしいッスー！","トンネル奥のエリアに、コスモライナーを敷設するッス！　一緒に資材を集めてほしいッスよー！","サーチングウェイ",9,158,27,241017,0,0,0,0,0,2,3
32,"「第四次コスモライナー敷設計画」　敷設中
<UIForeground>F2023B</UIForeground><UIGlow>F2023C</UIGlow>コスモライナーの完成を待機しよう！","「第四次コスモライナー敷設計画」　敷設中","トンネル奥のコスモライナー敷設の、完工予定時刻が決まったッス！
完工したらもっと便利になるから、もう少し待っててほしいッスー！","トンネル奥のコスモライナー敷設の、完工予定時刻が決まったッス！","サーチングウェイ",9,158,27,241017,1452,0,0,0,0,2,3
33,"「コスモライナー：南西部」　敷設完了
<UIForeground>F2023B</UIForeground><UIGlow>F2023C</UIGlow>次の作業を計画中、自由に過ごそう！","「コスモライナー：南西部」　敷設完了","トンネル奥のエリアにコスモライナーが敷設されたッス！
ますます探索が捗るはずッスね、ご協力ありがとうッスよー！","トンネル奥のエリアにコスモライナーが敷設されたッス！　ご協力、ありがとうッスよー！","サーチングウェイ",10,158,28,241018,1412,18,9,5,0,2,3
34,"「第二次基地拡張計画」　資材準備中
 <UIForeground>F2023B</UIForeground><UIGlow>F2023C</UIGlow>コスモミッションに参加して資材を集めよう！","「第二次基地拡張計画」　資材準備中","ムーンゲート基地のさらなる拡張をするッス！
資材調達のためのコスモミッションに、協力してほしいッスー！","ムーンゲート基地のさらなる拡張をするッス！　一緒に資材を集めてほしいッスよー！","サーチングウェイ",10,158,29,241019,0,0,0,0,0,2,3
35,"「第二次基地拡張計画」　共同施工作業準備中
<UIForeground>F2023B</UIForeground><UIGlow>F2023C</UIGlow>共同施工作業の開始に備えよう！","「第二次基地拡張計画」　共同施工作業準備中","基地のさらなる拡張のための、共同施工作業の開催時刻が決まったッス！
開催時には、ぜひぜひ協力してほしいッスー！","基地のさらなる拡張のための、共同施工作業の開催時刻が決まったッス！　協力してほしいッスー！","サーチングウェイ",10,158,30,241019,1451,0,0,0,0,2,3
36,"「第二次基地拡張計画」　共同施工作業実施中
<UIForeground>F2023B</UIForeground><UIGlow>F2023C</UIGlow>共同施工作業に参加しよう！","「第二次基地拡張計画」　共同施工作業実施中","ムーンゲート基地のさらなる拡張のための、共同施工作業を開催中ッス！
ぜひぜひ参加してほしいッスー！","ムーンゲート基地のさらなる拡張のための、共同施工作業を開催中ッス！　ぜひぜひ参加してほしいッスー！","サーチングウェイ",10,158,31,241019,0,0,0,0,0,2,3
37,"ムーンゲート基地「ベースキャンプIII」　完工
<UIForeground>F2023B</UIForeground><UIGlow>F2023C</UIGlow>次の作業を計画中、自由に過ごそう！","ムーンゲート基地「ベースキャンプIII」　完工","ムーンゲート基地がさらにいい感じに拡張されたッス！
探索活動がさらに捗るはずッスね、ご協力ありがとうッスよー！","ムーンゲート基地がさらにいい感じに拡張されたッス！　ご協力、ありがとうッスよー！","サーチングウェイ",11,158,32,241020,1410,18,10,5,1,2,3
38,"発雷所、給水所　建設資材準備中
 <UIForeground>F2023B</UIForeground><UIGlow>F2023C</UIGlow>コスモミッションに参加して資材を集めよう！","発雷所、給水所　建設資材準備中","発雷所や給水所などの、インフラ施設を建設するッス！
資材調達のためのコスモミッションに、協力してほしいッスー！","発雷所や給水所などの、インフラ施設を建設するッス！　一緒に資材を集めてほしいッスよー！","サーチングウェイ",11,158,33,241021,0,0,0,0,1,2,3
39,"「エネルギー設備拡充支援」　共同施工作業準備中
<UIForeground>F2023B</UIForeground><UIGlow>F2023C</UIGlow>共同施工作業の開始に備えよう！","「エネルギー設備拡充支援」　共同施工作業準備中","発雷所建設のための共同施工作業の開催時刻が決まったッス！
開催時には、ぜひぜひ協力してほしいッスー！","発雷所建設のための共同施工作業の開催時刻が決まったッス！　協力してほしいッスー！","サーチングウェイ",11,158,34,241021,1451,0,0,0,1,2,3
40,"「エネルギー設備拡充支援」　共同施工作業実施中
<UIForeground>F2023B</UIForeground><UIGlow>F2023C</UIGlow>共同施工作業に参加しよう！","「エネルギー設備拡充支援」　共同施工作業実施中","発雷所建設のための、共同施工作業を開催中ッス！
ぜひぜひ参加してほしいッスー！","発雷所建設のための、共同施工作業を開催中ッス！　ぜひぜひ参加してほしいッスー！","サーチングウェイ",11,158,35,241021,0,0,0,0,1,2,3
41,"「給水設備拡充支援」　共同施工作業準備中
<UIForeground>F2023B</UIForeground><UIGlow>F2023C</UIGlow>共同施工作業の開始に備えよう！","「給水設備拡充支援」　共同施工作業準備中","給水所建設のための共同施工作業の開催時刻が決まったッス！
開催時には、ぜひぜひ協力してほしいッスー！","給水所建設のための共同施工作業の開催時刻が決まったッス！　協力してほしいッスー！","サーチングウェイ",12,158,36,241022,1401,18,11,5,1,2,3
42,"「給水設備拡充支援」　共同施工作業実施中
<UIForeground>F2023B</UIForeground><UIGlow>F2023C</UIGlow>共同施工作業に参加しよう！","「給水設備拡充支援」　共同施工作業実施中","給水所建設のための、共同施工作業を開催中ッス！
ぜひぜひ参加してほしいッスー！","給水所建設のための、共同施工作業を開催中ッス！　ぜひぜひ参加してほしいッスー！","サーチングウェイ",12,158,36,241022,0,0,0,0,1,2,3
43,"発雷所、給水所　完工
<UIForeground>F2023B</UIForeground><UIGlow>F2023C</UIGlow>次の作業を計画中、自由に過ごそう！","発雷所、給水所　完工","いろんなインフラ施設が完成したッス！
エネルギーや水の心配がグッと少なくなったはずッス、ご協力ありがとうッスよー！","いろんなインフラ施設が完成したッス！　ご協力、ありがとうッスよー！","サーチングウェイ",13,158,37,241023,1401,18,12,5,1,2,3
44,"ローダーハンガーII、コスモポート　改築資材準備中
 <UIForeground>F2023B</UIForeground><UIGlow>F2023C</UIGlow>コスモミッションに参加して資材を集めよう！","ローダーハンガーII、コスモポート　改築資材準備中","ローダーハンガーとコスモポートを高機能に改築するッス！
資材調達のためのコスモミッションに、協力してほしいッスー！","ローダーハンガーとコスモポートを高機能に改築するッス！　一緒に資材を集めてほしいッスよー！","サーチングウェイ",13,158,38,241024,0,0,0,0,1,2,3
45,"「第二次ハンガー拡張計画」　共同施工作業準備中
<UIForeground>F2023B</UIForeground><UIGlow>F2023C</UIGlow>共同施工作業の開始に備えよう！","「第二次ハンガー拡張計画」　共同施工作業準備中","ローダーハンガー改築のための共同施工作業の開催時刻が決まったッス！
開催時には、ぜひぜひ協力してほしいッスー！","ローダーハンガー改築のための共同施工作業の開催時刻が決まったッス！　協力してほしいッスー！","サーチングウェイ",13,158,39,241024,1451,0,0,0,1,2,3
46,"「第二次ハンガー拡張計画」　共同施工作業実施中
<UIForeground>F2023B</UIForeground><UIGlow>F2023C</UIGlow>共同施工作業に参加しよう！","「第二次ハンガー拡張計画」　共同施工作業実施中","ローダーハンガー改築のための、共同施工作業を開催中ッス！
ぜひぜひ参加してほしいッスー！","ローダーハンガー改築のための、共同施工作業を開催中ッス！　ぜひぜひ参加してほしいッスー！","サーチングウェイ",13,158,40,241024,0,0,0,0,1,2,3
47,"「第二次コスモポート整備作業」　共同施工作業準備中
<UIForeground>F2023B</UIForeground><UIGlow>F2023C</UIGlow>共同施工作業の開始に備えよう！","「第二次コスモポート整備作業」　共同施工作業準備中","コスモポート改築のための共同施工作業の開催時刻が決まったッス！
開催時には、ぜひぜひ協力してほしいッスー！","コスモポート改築のための共同施工作業の開催時刻が決まったッス！　協力してほしいッスー！","サーチングウェイ",14,158,41,241025,1402,18,13,5,1,2,3
48,"「第二次コスモポート整備作業」　共同施工作業実施中
<UIForeground>F2023B</UIForeground><UIGlow>F2023C</UIGlow>共同施工作業に参加しよう！","「第二次コスモポート整備作業」　共同施工作業実施中","コスモポート改築のための、共同施工作業を開催中ッス！
ぜひぜひ参加してほしいッスー！","コスモポート改築のための、共同施工作業を開催中ッス！　ぜひぜひ参加してほしいッスー！","サーチングウェイ",14,158,41,241025,0,0,0,0,1,2,3
49,"ローダーハンガーIII、コスモポートII　完工
<UIForeground>F2023B</UIForeground><UIGlow>F2023C</UIGlow>次の作業を計画中、自由に過ごそう！","ローダーハンガーIII、コスモポートII　完工","ローダーハンガー、コスモポートが高機能に改築されたッス！
ますます探索活動が捗るはずッス、ご協力ありがとうッスよー！","ローダーハンガー、コスモポートが高機能に改築されたッス！　ご協力、ありがとうッスよー！","サーチングウェイ",15,158,42,241026,1402,18,14,5,1,2,3
50,"「リフト用地整備」　資材準備中
<UIForeground>F2023B</UIForeground><UIGlow>F2023C</UIGlow>コスモミッションに参加して資材を集めよう！","「リフト用地整備」　資材準備中","地底に降りるリフトの開通工事をするッス！
資材調達のためのコスモミッションに、協力してほしいッスー！","地底に降りるリフトの開通工事をするッス！　一緒に資材を集めてほしいッスよー！","サーチングウェイ",15,158,43,241027,0,0,0,0,1,2,3
51,"「第一次リフト用地整備」　共同施工作業準備中
<UIForeground>F2023B</UIForeground><UIGlow>F2023C</UIGlow>共同施工作業の開始に備えよう！","「第一次リフト用地整備」　共同施工作業準備中","地底リフト開通工事のための、第一回共同施工作業の開催時刻が決まったッス！
開催時には、ぜひぜひ協力してほしいッスー！","地底リフト開通工事のための、第一回共同施工作業の開催時刻が決まったッス！　協力してほしいッスー！","サーチングウェイ",15,158,44,241027,1451,0,0,0,1,2,3
52,"「第一次リフト用地整備」　共同施工作業実施中
<UIForeground>F2023B</UIForeground><UIGlow>F2023C</UIGlow>共同施工作業に参加しよう！","「第一次リフト用地整備」　共同施工作業実施中","地底リフト開通工事のための、第一回共同施工作業を開催中ッス！
ぜひぜひ参加してほしいッスー！","地底リフト開通工事のための、第一回共同施工作業を開催中ッス！　ぜひぜひ参加してほしいッスー！","サーチングウェイ",15,158,45,241027,0,0,0,0,1,2,3
53,"「第二次リフト用地整備」　共同施工作業準備中
<UIForeground>F2023B</UIForeground><UIGlow>F2023C</UIGlow>共同施工作業の開始に備えよう！","「第二次リフト用地整備」　共同施工作業準備中","地底リフト開通工事のための、第二回共同施工作業の開催時刻が決まったッス！
開催時には、ぜひぜひ協力してほしいッスー！","地底リフト開通工事のための、第二回共同施工作業の開催時刻が決まったッス！　協力してほしいッスー！","サーチングウェイ",16,158,46,241028,1401,18,15,5,1,2,3
54,"「第二次リフト用地整備」　共同施工作業実施中
<UIForeground>F2023B</UIForeground><UIGlow>F2023C</UIGlow>共同施工作業に参加しよう！","「第二次リフト用地整備」　共同施工作業実施中","地底リフト開通工事のための、第二回共同施工作業を開催中ッス！
ぜひぜひ参加してほしいッスー！","地底リフト開通工事のための、第二回共同施工作業を開催中ッス！　ぜひぜひ参加してほしいッスー！","サーチングウェイ",16,158,46,241028,0,0,0,0,1,2,3
55,"「ネイディア・リフト」　完工
<UIForeground>F2023B</UIForeground><UIGlow>F2023C</UIGlow>次の作業を計画中、自由に過ごそう！","「ネイディア・リフト」　完工","地底への「ネイディア・リフト」が開通したッス！
地底空間の探索が捗るはずッス、ご協力ありがとうッスよー！","地底リフトが開通したッス！　ご協力、ありがとうッスよー！","サーチングウェイ",17,158,47,241029,1411,18,16,5,1,2,3
56,"「第五次コスモライナー敷設計画」　資材準備中
 <UIForeground>F2023B</UIForeground><UIGlow>F2023C</UIGlow>コスモミッションに参加して資材を集めよう！","「第五次コスモライナー敷設計画」　資材準備中","地底部のコスモライナーを敷設するッス！
資材調達のためのコスモミッションに、協力してほしいッスー！","地底部のコスモライナーを敷設するッス！　一緒に資材を集めてほしいッスよー！","サーチングウェイ",17,158,48,241030,0,0,0,0,1,2,3
57,"「第五次コスモライナー敷設計画」　敷設中
<UIForeground>F2023B</UIForeground><UIGlow>F2023C</UIGlow>コスモライナーの完成を待とう！","「第五次コスモライナー敷設計画」　敷設中","地底部のコスモライナー敷設の、完工予定時刻が決まったッス！
完工したらもっと便利になるから、もう少し待っててほしいッスー！","地底部のコスモライナー敷設の、完工予定時刻が決まったッス！","サーチングウェイ",17,158,48,241030,1452,0,0,0,1,2,3
58,"「コスモライナー：地底部」　敷設完了
<UIForeground>F2023B</UIForeground><UIGlow>F2023C</UIGlow>次の作業を計画中、自由に過ごそう！","「コスモライナー：地底部」　敷設完了","地底部にコスモライナーが敷設されたッス！
ますます探索が捗るはずッス、ご協力ありがとうッスよー！","地底部にコスモライナーが敷設されたッス！　ご協力、ありがとうッスよー！","サーチングウェイ",18,158,49,241031,1404,18,17,5,1,2,3
59,"「基地総合設備拡充工事」　資材準備中
 <UIForeground>F2023B</UIForeground><UIGlow>F2023C</UIGlow>コスモミッションに参加して資材を集めよう！","「基地総合設備拡充工事」　資材準備中","ムーンゲート基地のすんごい拡充をするッス！
資材調達のためのコスモミッションに、協力してほしいッスー！","ムーンゲート基地のすんごい拡充をするッス！　一緒に資材を集めてほしいッスよー！","サーチングウェイ",18,158,50,241032,0,0,0,0,1,2,3
60,"「基地総合設備拡充工事」　共同施工作業準備中
<UIForeground>F2023B</UIForeground><UIGlow>F2023C</UIGlow>共同施工作業の開始に備えよう！","「基地総合設備拡充工事」　共同施工作業準備中","基地のすんごい拡張のための、共同施工作業の開催時刻が決まったッス！
開催時には、ぜひぜひ協力してほしいッスー！","基地のすんごい拡張のための、共同施工作業の開催時刻が決まったッス！　協力してほしいッスー！","サーチングウェイ",18,158,51,241032,1451,0,0,0,1,2,3
61,"「基地総合設備拡充工事」　共同施工作業実施中
<UIForeground>F2023B</UIForeground><UIGlow>F2023C</UIGlow>共同施工作業に参加しよう！","「基地総合設備拡充工事」　共同施工作業実施中","ムーンゲート基地のすんごい拡張のための、共同施工作業を開催中ッス！
ぜひぜひ参加してほしいッスー！","ムーンゲート基地のすんごい拡張のための、共同施工作業を開催中ッス！　ぜひぜひ参加してほしいッスー！","サーチングウェイ",18,158,52,241032,0,0,0,0,1,2,3
62,"ムーンゲート基地「ルナホップ・ポリス」　完工
<UIForeground>F2023B</UIForeground><UIGlow>F2023C</UIGlow>星々に想いを馳せながら、自由に過ごそう！","ムーンゲート基地「ルナホップ・ポリス」　完工","ムーンゲート基地がすんごく拡張されたッス！
すっかり立派な基地になったッスね、ご協力ありがとうッスよー！","ムーンゲート基地がすんごく拡張されたッス！　ご協力、ありがとうッスよー！","サーチングウェイ",19,158,53,241033,1403,18,18,5,1,2,3
63,"「焦がれの入江探索計画」　完了
<UIForeground>F2023B</UIForeground><UIGlow>F2023C</UIGlow>星々に想いを馳せながら、自由に過ごそう！","「焦がれの入江探索計画」　完了","協力してくれたみんなのおかげで、月面の全施設が完成したッス！
焦がれの入江からの旅立ちの日に向けて、ワクワクが止まらないッス～！","協力してくれたみんなのおかげで、月面の全施設が完成したッス！　ありがとうッスよー！！","サーチングウェイ",19,158,54,241034,0,0,0,0,1,2,3
64,"","","","","",0,0,0,0,0,0,0,0,0,0,0
65,"","","","","",0,0,0,0,0,0,0,0,0,0,0
66,"","","","","",0,0,0,0,0,0,0,0,0,0,0
67,"","","","","",0,0,0,0,0,0,0,0,0,0,0
68,"","","","","",0,0,0,0,0,0,0,0,0,0,0
69,"","","","","",0,0,0,0,0,0,0,0,0,0,0
70,"","","","","",0,0,0,0,0,0,0,0,0,0,0
71,"","","","","",0,0,0,0,0,0,0,0,0,0,0
72,"","","","","",0,0,0,0,0,0,0,0,0,0,0
73,"","","","","",0,0,0,0,0,0,0,0,0,0,0
74,"","","","","",0,0,0,0,0,0,0,0,0,0,0
75,"","","","","",0,0,0,0,0,0,0,0,0,0,0
76,"","","","","",0,0,0,0,0,0,0,0,0,0,0
77,"","","","","",0,0,0,0,0,0,0,0,0,0,0
78,"","","","","",0,0,0,0,0,0,0,0,0,0,0
79,"","","","","",0,0,0,0,0,0,0,0,0,0,0
80,"","","","","",0,0,0,0,0,0,0,0,0,0,0
81,"","","","","",0,0,0,0,0,0,0,0,0,0,0
82,"","","","","",0,0,0,0,0,0,0,0,0,0,0
83,"","","","","",0,0,0,0,0,0,0,0,0,0,0
84,"","","","","",0,0,0,0,0,0,0,0,0,0,0
85,"","","","","",0,0,0,0,0,0,0,0,0,0,0
86,"","","","","",0,0,0,0,0,0,0,0,0,0,0
87,"","","","","",0,0,0,0,0,0,0,0,0,0,0
88,"","","","","",0,0,0,0,0,0,0,0,0,0,0
89,"","","","","",0,0,0,0,0,0,0,0,0,0,0
90,"","","","","",0,0,0,0,0,0,0,0,0,0,0
91,"","","","","",0,0,0,0,0,0,0,0,0,0,0
92,"","","","","",0,0,0,0,0,0,0,0,0,0,0
93,"","","","","",0,0,0,0,0,0,0,0,0,0,0
94,"","","","","",0,0,0,0,0,0,0,0,0,0,0
95,"","","","","",0,0,0,0,0,0,0,0,0,0,0
96,"","","","","",0,0,0,0,0,0,0,0,0,0,0
97,"","","","","",0,0,0,0,0,0,0,0,0,0,0
98,"","","","","",0,0,0,0,0,0,0,0,0,0,0
99,"","","","","",0,0,0,0,0,0,0,0,0,0,0
100,"","","","","",0,0,0,0,0,0,0,0,0,0,0
101,"","","","","",0,0,0,0,0,0,0,0,0,0,0
102,"","","","","",0,0,0,0,0,0,0,0,0,0,0
103,"","","","","",0,0,0,0,0,0,0,0,0,0,0
104,"","","","","",0,0,0,0,0,0,0,0,0,0,0
105,"","","","","",0,0,0,0,0,0,0,0,0,0,0
106,"","","","","",0,0,0,0,0,0,0,0,0,0,0
107,"","","","","",0,0,0,0,0,0,0,0,0,0,0
108,"","","","","",0,0,0,0,0,0,0,0,0,0,0
109,"","","","","",0,0,0,0,0,0,0,0,0,0,0
110,"","","","","",0,0,0,0,0,0,0,0,0,0,0
111,"","","","","",0,0,0,0,0,0,0,0,0,0,0
112,"","","","","",0,0,0,0,0,0,0,0,0,0,0
113,"","","","","",0,0,0,0,0,0,0,0,0,0,0
114,"","","","","",0,0,0,0,0,0,0,0,0,0,0
115,"","","","","",0,0,0,0,0,0,0,0,0,0,0
116,"","","","","",0,0,0,0,0,0,0,0,0,0,0
117,"","","","","",0,0,0,0,0,0,0,0,0,0,0
118,"","","","","",0,0,0,0,0,0,0,0,0,0,0
119,"","","","","",0,0,0,0,0,0,0,0,0,0,0
120,"","","","","",0,0,0,0,0,0,0,0,0,0,0
121,"","","","","",0,0,0,0,0,0,0,0,0,0,0
122,"","","","","",0,0,0,0,0,0,0,0,0,0,0
123,"","","","","",0,0,0,0,0,0,0,0,0,0,0
124,"","","","","",0,0,0,0,0,0,0,0,0,0,0
125,"","","","","",0,0,0,0,0,0,0,0,0,0,0
126,"","","","","",0,0,0,0,0,0,0,0,0,0,0
127,"","","","","",0,0,0,0,0,0,0,0,0,0,0
128,"","","","","",0,0,0,0,0,0,0,0,0,0,0
129,"","","","","",0,0,0,0,0,0,0,0,0,0,0
130,"","","","","",0,0,0,0,0,0,0,0,0,0,0
131,"","","","","",0,0,0,0,0,0,0,0,0,0,0
132,"","","","","",0,0,0,0,0,0,0,0,0,0,0
133,"","","","","",0,0,0,0,0,0,0,0,0,0,0
